code,age,weight,height,color,nationality,education,job,status,area_level,dress,maintain_prayer,accept_age,accept_weight,accept_height,accept_color,accept_education,accept_status,engage_period,accept_resid
2 نساء,35,90,150,سمراء,مصرية,جامعي,محاسبة,انسه,متوسط,طرحة,نعم,40,95,160,1111,جامعي,"['ارمل بدون اولاد', 'مطلق']",3,حسب الاتفاق
3 نساء,35,50,157,بيضاء,مصرية,متوسط,موظفة,انسه,متوسط,طرحة,نعم,34,82,171,1111,متوسط,['اعزب'],12,حسب الاتفاق
4 نساء,44,80,170,قمحيه,مصرية,فوق جامعي,طبيبة,انسه,متوسط,طرحة,نعم,47,85,180,1010,فوق جامعي,"['ارمل بدون اولاد', 'اعزب', 'مطلق']",6,حسب الاتفاق
6 نساء,25,68,160,قمحيه,مصرية,جامعي,ربة منزل,انسه,مرتفع,طرحة,نعم,35,82,170,1010,فوق جامعي,['اعزب'],3,حسب الاتفاق
8 نساء,28,67,165,بيضاء,مصرية,متوسط,ربة منزل,انسه,متوسط,نقاب,نعم,32,82,175,1111,فوق جامعي,['اعزب'],6,حسب الاتفاق
9 نساء,24,65,155,خمريه,مصرية,جامعي,موظفة,انسه,متوسط,طرحة,نعم,27,80,175,1111,جامعي,['اعزب'],12,حسب الاتفاق
10 نساء,29,60,159,بيضاء,مصرية,جامعي,معلمة,انسه,متوسط,نقاب,نعم,32,82,165,1111,جامعي,['اعزب'],6,حسب الاتفاق
11 نساء,24,90,160,قمحيه,مصرية,جامعي,معلمة,انسه,متوسط,خمار,نعم,29,82,171,1111,جامعي,['اعزب'],6,حسب الاتفاق
14 نساء,28,69,160,بيضاء,مصرية,جامعي,موظفة,انسه,مرتفع,طرحة,نعم,32,75,175,1010,فوق جامعي,['اعزب'],12,حسب الاتفاق
15 نساء,27,93,150,بيضاء,مصرية,فوق جامعي,معلمة,انسه,متوسط,نقاب,نعم,37,100,165,1010,جامعي,['اعزب'],6,حسب الاتفاق
16 نساء,40,75,170,قمحيه,مصرية,جامعي,معلمة,انسه,متوسط,طرحة,نعم,42,75,175,1010,فوق جامعي,"['ارمل بدون اولاد', 'اعزب', 'مطلق']",12,حسب الاتفاق
17 نساء,44,80,165,بيضاء,مصرية,فوق جامعي,معلمة,مطلقه,متوسط,نقاب,نعم,34,80,165,1111,جامعي,"['ارمل بدون اولاد', 'مطلق']",3,حسب الاتفاق
18 نساء,21,55,155,قمحيه,مصرية,متوسط,موظفة,انسه,متوسط,نقاب,نعم,25,67,160,0010,متوسط,['اعزب'],3,حسب الاتفاق
19 نساء,30,68,170,قمحيه,مصرية,متوسط,طبيبة,انسه,متوسط,طرحة,نعم,32,85,180,0010,فوق جامعي,['اعزب'],12,حسب الاتفاق
20 نساء,23,78,164,قمحيه,مصرية,جامعي,موظفة,انسه,متوسط,طرحة,غالبا,27,100,170,1010,فوق جامعي,['اعزب'],12,حسب الاتفاق
21 نساء,24,46,152,بيضاء,مصرية,جامعي,موظفة,انسه,متوسط,نقاب,نعم,30,90,170,0011,جامعي,['اعزب'],12,حسب الاتفاق
22 نساء,32,65,150,بيضاء,مصرية,فوق جامعي,معلمة,انسه,مرتفع,طرحة,نعم,37,75,170,0010,فوق جامعي,['اعزب'],6,حسب الاتفاق
24 نساء,29,70,166,قمحيه,مصرية,متوسط,ربة منزل,مطلقه,متوسط,طرحة,نعم,35,70,166,0010,متوسط,"['ارمل بدون اولاد', 'مطلق', 'ارمل له اولاد']",6,حسب الاتفاق
25 نساء,43,60,161,سمراء,مصرية,فوق جامعي,معلمة,مطلقه,متوسط,نقاب,نعم,43,82,171,0011,فوق جامعي,"['ارمل بدون اولاد', 'مطلق', 'ارمل له اولاد']",3,حسب الاتفاق
26 نساء,44,97,165,قمحيه,مصرية,جامعي,موظفة,انسه,متوسط,طرحة,نعم,50,82,171,1111,جامعي,"['ارمل بدون اولاد', 'مطلق', 'اعزب']",12,حسب الاتفاق
27 نساء,25,55,150,خمريه,مصرية,جامعي,موظفة,انسه,متوسط,نقاب,نعم,29,80,175,1010,فوق جامعي,['اعزب'],12,حسب الاتفاق
29 نساء,27,80,165,قمحيه,مصرية,جامعي,معلمة,انسه,متوسط,خمار,نعم,31,79,172,1111,فوق جامعي,['اعزب'],12,ايجار
32 نساء,24,56,155,قمحيه,مصرية,جامعي,مهندسة,انسه,شعبي,نقاب,نعم,27,67,167,1010,جامعي,['اعزب'],6,حسب الاتفاق
33 نساء,31,65,160,بيضاء,مصرية,جامعي,معلمة,انسه,متوسط,طرحة,نعم,38,82,165,1111,جامعي,['اعزب'],6,حسب الاتفاق
34 نساء,42,50,155,قمحيه,مصرية,جامعي,موظفة,مطلقه,مرتفع,طرحة,نعم,47,82,171,1111,جامعي,"['ارمل بدون اولاد', 'اعزب', 'مطلق', 'ارمل له اولاد']",3,حسب الاتفاق
35 نساء,33,59,156,بيضاء,مصرية,متوسط,موظفة,انسه,مرتفع,نقاب,نعم,40,90,175,1111,فوق جامعي,"['ارمل بدون اولاد', 'اعزب', 'مطلق']",6,حسب الاتفاق
36 نساء,42,50,155,قمحيه,مصرية,جامعي,موظفة,مطلقه,مرتفع,طرحة,نعم,47,82,171,1111,جامعي,"['ارمل بدون اولاد', 'اعزب', 'مطلق', 'ارمل له اولاد']",3,حسب الاتفاق
38 نساء,28,90,161,بيضاء,مصرية,فوق جامعي,موظفة,انسه,متوسط,طرحة,غالبا,35,80,170,0010,جامعي,['اعزب'],6,حسب الاتفاق
39 نساء,38,45,160,قمحيه,مصرية,جامعي,موظفة,انسه,متوسط,طرحة,نعم,41,72,172,1111,فوق جامعي,"['ارمل بدون اولاد', 'اعزب', 'مطلق']",6,حسب الاتفاق
40 نساء,30,60,160,قمحيه,مصرية,جامعي,موظفة,مطلقه,متوسط,نقاب,نعم,40,82,175,1111,فوق جامعي,"['ارمل بدون اولاد', 'اعزب', 'مطلق']",6,حسب الاتفاق
41 نساء,38,45,159,قمحيه,مصرية,جامعي,موظفة,انسه,متوسط,طرحة,نعم,40,70,172,1111,فوق جامعي,"['ارمل بدون اولاد', 'اعزب', 'مطلق']",6,حسب الاتفاق
43 نساء,29,55,168,قمحيه,مصرية,جامعي,مهندسة,انسه,متوسط,طرحة,نعم,32,82,168,1111,جامعي,['اعزب'],12,حسب الاتفاق
44 نساء,29,70,161,بيضاء,مصرية,جامعي,مهندسة,انسه,متوسط,طرحة,نعم,37,82,170,1111,جامعي,['اعزب'],12,حسب الاتفاق
45 نساء,25,80,168,بيضاء,مصرية,جامعي,مهندسة,انسه,متوسط,خمار,نعم,30,82,169,1010,فوق جامعي,['اعزب'],12,حسب الاتفاق
46 نساء,25,68,160,بيضاء,مصرية,جامعي,طبيبة,انسه,مرتفع,طرحة,نعم,31,82,171,1111,جامعي,['اعزب'],6,حسب الاتفاق
48 نساء,27,45,155,بيضاء,مصرية,جامعي,موظفة,انسه,مرتفع,طرحة,نعم,32,82,171,1010,فوق جامعي,['اعزب'],6,حسب الاتفاق
49 نساء,47,85,158,قمحيه,مصرية,فوق جامعي,طبيبة,مطلقه,متوسط,طرحة,نعم,54,90,180,1010,فوق جامعي,"['ارمل بدون اولاد', 'اعزب', 'مطلق', 'ارمل له اولاد']",3,حسب الاتفاق
51 نساء,30,65,157,قمحيه,مصرية,فوق جامعي,موظفة,انسه,مرتفع,طرحة,غالبا,34,70,160,0011,فوق جامعي,['اعزب'],3,حسب الاتفاق
52 نساء,30,62,162,قمحيه,مصرية,جامعي,موظفة,مطلقه,مرتفع,طرحة,نعم,34,82,171,1111,فوق جامعي,"['ارمل بدون اولاد', 'اعزب', 'مطلق']",3,حسب الاتفاق
53 نساء,21,67,160,قمحيه,مصرية,جامعي,موظفة,انسه,متوسط,نقاب,نعم,25,90,167,1010,فوق جامعي,['اعزب'],3,حسب الاتفاق
54 نساء,24,88,170,قمحيه,مصرية,فوق جامعي,موظفة,انسه,متوسط,نقاب,نعم,29,80,170,1010,جامعي,['اعزب'],3,حسب الاتفاق
55 نساء,35,65,164,قمحيه,مصرية,فوق جامعي,طبيبة,انسه,متوسط,طرحة,نعم,38,70,165,1010,فوق جامعي,['اعزب'],12,حسب الاتفاق
56 نساء,33,67,155,بيضاء,مصرية,جامعي,معلمة,مطلقه,متوسط,نقاب,نعم,36,85,165,1000,فوق جامعي,"['ارمل بدون اولاد', 'اعزب', 'مطلق']",3,حسب الاتفاق
57 نساء,29,46,158,قمحيه,مصرية,جامعي,موظفة,انسه,مرتفع,طرحة,نعم,37,90,180,1111,جامعي,"['ارمل بدون اولاد', 'اعزب', 'مطلق']",3,حسب الاتفاق
58 نساء,27,60,170,بيضاء,مصرية,جامعي,موظفة,انسه,متوسط,طرحة,نعم,33,80,170,1111,جامعي,['اعزب'],12,حسب الاتفاق
59 نساء,32,65,155,قمحيه,مصرية,فوق جامعي,موظفة,انسه,متوسط,طرحة,نعم,38,82,171,0010,جامعي,['اعزب'],12,حسب الاتفاق
60 نساء,26,75,173,قمحيه,مصرية,جامعي,موظفة,انسه,متوسط,طرحة,نعم,30,82,173,1010,فوق جامعي,['اعزب'],6,حسب الاتفاق
62 نساء,32,65,155,قمحيه,مصرية,فوق جامعي,موظفة,انسه,متوسط,طرحة,نعم,37,82,171,1111,فوق جامعي,['اعزب'],6,حسب الاتفاق
64 نساء,32,65,155,قمحيه,مصرية,فوق جامعي,موظفة,انسه,متوسط,طرحة,نعم,36,80,171,1111,جامعي,['اعزب'],12,حسب الاتفاق
65 نساء,28,50,155,خمريه,مصرية,جامعي,معلمة,مطلقه,مرتفع,نقاب,نعم,35,82,160,1111,فوق جامعي,"['ارمل بدون اولاد', 'مطلق', 'ارمل له اولاد']",3,حسب الاتفاق
67 نساء,28,64,164,قمحيه,مصرية,جامعي,مهندسة,انسه,متوسط,طرحة,نعم,34,82,173,1111,فوق جامعي,['اعزب'],12,حسب الاتفاق
68 نساء,28,55,168,بيضاء,مصرية,جامعي,موظفة,انسه,مرتفع,طرحة,غالبا,34,82,167,1111,فوق جامعي,['اعزب'],6,حسب الاتفاق
70 نساء,32,65,155,خمريه,مصرية,فوق جامعي,موظفة,انسه,متوسط,طرحة,نعم,37,82,171,1110,جامعي,['اعزب'],12,حسب الاتفاق
71 نساء,24,57,161,خمريه,مصرية,فوق جامعي,موظفة,انسه,متوسط,خمار,نعم,31,82,171,1111,فوق جامعي,['اعزب'],6,حسب الاتفاق
73 نساء,24,50,150,قمحيه,مصرية,جامعي,موظفة,انسه,مرتفع,طرحة,نعم,28,82,171,0010,جامعي,['اعزب'],3,حسب الاتفاق
74 نساء,28,64,164,قمحيه,مصرية,جامعي,مهندسة,انسه,متوسط,طرحة,نعم,32,75,170,1111,جامعي,['اعزب'],12,حسب الاتفاق
75 نساء,48,55,161,قمحيه,مصرية,جامعي,موظفة,انسه,متوسط,نقاب,نعم,51,82,170,1110,فوق جامعي,"['ارمل بدون اولاد', 'اعزب', 'مطلق']",3,حسب الاتفاق
76 نساء,24,60,155,بيضاء,مصرية,جامعي,موظفة,انسه,مرتفع,نقاب,نعم,24,65,160,1000,فوق جامعي,['اعزب'],6,حسب الاتفاق
77 نساء,29,80,163,بيضاء,مصرية,جامعي,موظفة,انسه,شعبي,نقاب,نعم,34,82,171,1100,فوق جامعي,"['ارمل بدون اولاد', 'اعزب', 'مطلق']",12,حسب الاتفاق
78 نساء,30,50,161,خمريه,مصرية,جامعي,موظفة,انسه,متوسط,نقاب,نعم,23,62,171,1100,فوق جامعي,['اعزب'],12,حسب الاتفاق
79 نساء,28,78,150,سمراء,مصرية,جامعي,موظفة,انسه,متوسط,طرحة,غالبا,32,82,171,1111,جامعي,['اعزب'],12,حسب الاتفاق
80 نساء,33,75,160,خمريه,مصرية,جامعي,موظفة,انسه,متوسط,طرحة,نعم,34,82,170,0100,جامعي,['اعزب'],6,حسب الاتفاق
82 نساء,25,65,160,خمريه,مصرية,فوق جامعي,موظفة,انسه,متوسط,طرحة,نعم,32,85,190,0010,جامعي,['اعزب'],3,حسب الاتفاق
84 نساء,27,55,164,خمريه,مصرية,جامعي,موظفة,انسه,متوسط,طرحة,نعم,32,85,170,1111,جامعي,['اعزب'],12,حسب الاتفاق
85 نساء,26,65,160,بيضاء,مصرية,فوق جامعي,موظفة,مطلقه,متوسط,طرحة,نعم,31,80,175,1110,جامعي,"['ارمل بدون اولاد', 'مطلق', 'ارمل له اولاد']",12,حسب الاتفاق
72 نساء,24,75,170,خمريه,مصرية,جامعي,موظفة,انسه,متوسط,طرحة,نعم,33,92,177,1111,جامعي,['اعزب'],12,حسب الاتفاق
87 نساء,32,53,163,سمراء,مصرية,جامعي,موظفة,انسه,شعبي,طرحة,نعم,40,82,171,1111,جامعي,"['ارمل بدون اولاد', 'اعزب', 'مطلق']",12,حسب الاتفاق
88 نساء,27,68,155,خمريه,مصرية,جامعي,معلمة,انسه,مرتفع,طرحة,نعم,31,82,171,1111,جامعي,['اعزب'],12,حسب الاتفاق
89 نساء,24,80,158,بيضاء,مصرية,جامعي,موظفة,انسه,متوسط,خمار,نعم,30,82,170,1111,جامعي,['اعزب'],12,حسب الاتفاق
90 نساء,34,72,160,خمريه,مصرية,جامعي,معلمة,مطلقه,متوسط,طرحة,نعم,43,90,178,1111,جامعي,"['ارمل بدون اولاد', 'مطلق', 'ارمل له اولاد']",12,حسب الاتفاق
91 نساء,31,50,160,قمحيه,مصرية,فوق جامعي,طبيبة,انسه,متوسط,طرحة,نعم,35,70,170,0010,جامعي,['اعزب'],12,حسب الاتفاق
92 نساء,34,68,160,خمريه,مصرية,جامعي,معلمة,انسه,متوسط,طرحة,نعم,40,82,171,0100,جامعي,['اعزب'],12,حسب الاتفاق
93 نساء,39,80,172,قمحيه,مصرية,فوق جامعي,موظفة,انسه,متوسط,طرحة,نعم,46,82,171,1111,فوق جامعي,"['ارمل بدون اولاد', 'مطلق']",12,حسب الاتفاق
95 نساء,24,62,155,قمحيه,مصرية,جامعي,معلمة,انسه,متوسط,طرحة,نعم,31,75,170,1111,فوق جامعي,['اعزب'],12,حسب الاتفاق
415 نساء,25,67,152,خمريه,مصرية,متوسط,موظفة,انسه,مرتفع,نقاب,غالبا,25,82,155,1110,جامعي,['اعزب'],6,ايجار
98 نساء,35,60,153,قمحيه,مصرية,فوق جامعي,محاسبة,انسه,مرتفع,طرحة,نعم,40,80,170,0110,فوق جامعي,"['ارمل بدون اولاد', 'اعزب', 'مطلق']",6,حسب الاتفاق
99 نساء,30,70,165,خمريه,مصرية,جامعي,موظفة,انسه,متوسط,نقاب,نعم,32,80,171,1100,فوق جامعي,['اعزب'],6,حسب الاتفاق
100 نساء,24,50,160,خمريه,مصرية,جامعي,معلمة,انسه,متوسط,طرحة,نعم,30,70,175,0010,جامعي,['اعزب'],12,حسب الاتفاق
101 نساء,28,69,163,قمحيه,مصرية,فوق جامعي,ربة منزل,انسه,مرتفع,طرحة,نعم,34,87,182,1111,فوق جامعي,"['ارمل بدون اولاد', 'اعزب', 'مطلق']",6,حسب الاتفاق
102 نساء,39,57,160,خمريه,مصرية,فوق جامعي,معلمة,انسه,متوسط,طرحة,نعم,45,82,172,1110,فوق جامعي,"['ارمل بدون اولاد', 'اعزب', 'مطلق', 'متزوج']",6,حسب الاتفاق
104 نساء,26,58,158,بيضاء,مصرية,جامعي,موظفة,انسه,متوسط,طرحة,نعم,37,82,171,1111,فوق جامعي,['اعزب'],6,حسب الاتفاق
106 نساء,35,60,159,خمريه,مصرية,فوق جامعي,معلمة,انسه,متوسط,طرحة,نعم,38,80,170,1111,فوق جامعي,['اعزب'],12,حسب الاتفاق
107 نساء,22,80,163,خمريه,مصرية,جامعي,مهندسة,انسه,متوسط,طرحة,نعم,25,90,167,1111,جامعي,['اعزب'],6,حسب الاتفاق
108 نساء,36,85,153,خمريه,مصرية,فوق جامعي,موظفة,انسه,متوسط,طرحة,نعم,40,90,165,1110,فوق جامعي,"['ارمل بدون اولاد', 'اعزب', 'مطلق']",12,حسب الاتفاق
109 نساء,35,75,160,قمحيه,مصرية,جامعي,معلمة,انسه,متوسط,طرحة,نعم,40,82,171,1111,جامعي,['اعزب'],12,حسب الاتفاق
110 نساء,23,75,170,خمريه,مصرية,متوسط,ربة منزل,انسه,متوسط,نقاب,نعم,28,82,180,1110,فوق جامعي,['اعزب'],12,ايجار
111 نساء,24,70,172,خمريه,مصرية,جامعي,موظفة,انسه,متوسط,طرحة,نعم,30,82,180,0010,فوق جامعي,['اعزب'],12,حسب الاتفاق
113 نساء,30,66,165,بيضاء,مصرية,جامعي,مهندسة,انسه,متوسط,طرحة,نعم,33,75,170,1110,جامعي,['اعزب'],6,حسب الاتفاق
114 نساء,41,72,155,خمريه,مصرية,متوسط,موظفة,مطلقه,متوسط,طرحة,غالبا,34,82,171,1111,متوسط,"['متزوج', 'اعزب', 'ارمل له اولاد', 'مطلق', 'ارمل بدون اولاد']",3,حسب الاتفاق
115 نساء,23,63,174,قمحيه,مصرية,جامعي,طبيبة,انسه,مرتفع,خمار,نعم,28,82,175,1111,فوق جامعي,['اعزب'],6,حسب الاتفاق
117 نساء,35,85,160,بيضاء,مصرية,جامعي,موظفة,مطلقه,متوسط,نقاب,نعم,35,82,171,1111,جامعي,"['متزوج', 'اعزب', 'ارمل له اولاد', 'مطلق', 'ارمل بدون اولاد']",3,حسب الاتفاق
118 نساء,36,75,160,قمحيه,مصرية,فوق جامعي,موظفة,انسه,متوسط,طرحة,نعم,39,82,171,0110,فوق جامعي,"['ارمل بدون اولاد', 'اعزب', 'مطلق', 'ارمل له اولاد']",3,حسب الاتفاق
119 نساء,24,60,170,قمحيه,مصرية,جامعي,معلمة,انسه,مرتفع,خمار,نعم,28,82,170,0111,فوق جامعي,['اعزب'],12,حسب الاتفاق
120 نساء,29,60,154,بيضاء,مصرية,جامعي,ربة منزل,مطلقه,مرتفع,خمار,نعم,40,82,170,1111,جامعي,"['ارمل بدون اولاد', 'مطلق', 'ارمل له اولاد']",3,حسب الاتفاق
121 نساء,37,70,157,بيضاء,مصرية,فوق جامعي,موظفة,انسه,متوسط,طرحة,نعم,38,82,171,1110,فوق جامعي,"['ارمل بدون اولاد', 'اعزب', 'مطلق']",12,حسب الاتفاق
123 نساء,44,65,155,قمحيه,مصرية,جامعي,محاسبة,انسه,متوسط,خمار,نعم,50,82,171,1111,جامعي,"['ارمل بدون اولاد', 'مطلق']",6,حسب الاتفاق
124 نساء,36,75,160,خمريه,مصرية,جامعي,موظفة,انسه,متوسط,طرحة,نعم,42,82,171,1111,جامعي,"['ارمل بدون اولاد', 'اعزب', 'مطلق']",6,حسب الاتفاق
125 نساء,43,55,157,بيضاء,مصرية,جامعي,مهندسة,انسه,متوسط,طرحة,نعم,50,80,180,1111,جامعي,"['ارمل بدون اولاد', 'اعزب', 'مطلق', 'ارمل له اولاد']",6,شقه تمليك
127 نساء,27,65,150,قمحيه,مصرية,جامعي,موظفة,انسه,متوسط,نقاب,غالبا,33,75,160,1110,جامعي,"['ارمل بدون اولاد', 'اعزب', 'مطلق']",6,حسب الاتفاق
128 نساء,34,70,165,بيضاء,مصرية,فوق جامعي,طبيبة,انسه,مرتفع,طرحة,نعم,37,82,171,1111,فوق جامعي,['اعزب'],3,حسب الاتفاق
129 نساء,36,100,172,بيضاء,مصرية,جامعي,محاسبة,مطلقه,متوسط,طرحة,نعم,43,82,175,1111,جامعي,"['مطلق', 'ارمل له اولاد', 'متزوج']",6,حسب الاتفاق
131 نساء,30,67,155,بيضاء,مصرية,فوق جامعي,موظفة,انسه,شعبي,خمار,غالبا,32,82,171,1110,فوق جامعي,['اعزب'],6,حسب الاتفاق
132 نساء,22,80,156,بيضاء,مصرية,متوسط,موظفة,انسه,متوسط,طرحة,غالبا,30,80,160,1111,جامعي,"['ارمل بدون اولاد', 'اعزب', 'مطلق']",12,حسب الاتفاق
133 نساء,34,65,165,قمحيه,مصرية,فوق جامعي,طبيبة,انسه,مرتفع,طرحة,نعم,37,85,177,1111,فوق جامعي,"['ارمل بدون اولاد', 'اعزب', 'مطلق']",3,حسب الاتفاق
134 نساء,32,59,157,خمريه,مصرية,جامعي,موظفة,انسه,مرتفع,طرحة,نعم,38,82,171,0010,جامعي,['اعزب'],3,حسب الاتفاق
137 نساء,25,59,154,بيضاء,مصرية,جامعي,ربة منزل,انسه,شعبي,طرحة,نعم,28,82,155,1111,جامعي,['اعزب'],12,حسب الاتفاق
139 نساء,35,75,160,قمحيه,مصرية,جامعي,موظفة,مطلقه,متوسط,طرحة,نعم,40,80,175,1111,جامعي,"['ارمل بدون اولاد', 'اعزب', 'مطلق', 'ارمل له اولاد']",6,حسب الاتفاق
139 نساء,35,60,155,خمريه,مصرية,جامعي,معلمة,انسه,شعبي,طرحة,نعم,38,82,171,1111,جامعي,"['ارمل بدون اولاد', 'اعزب', 'مطلق']",12,حسب الاتفاق
140 نساء,38,70,168,خمريه,مصرية,فوق جامعي,موظفة,انسه,متوسط,طرحة,نعم,41,82,170,1111,جامعي,"['ارمل بدون اولاد', 'اعزب', 'مطلق', 'ارمل له اولاد']",6,شقه تمليك
141 نساء,40,75,165,خمريه,مصرية,فوق جامعي,موظفة,مطلقه,متوسط,نقاب,نعم,50,90,171,1111,جامعي,"['ارمل بدون اولاد', 'مطلق']",3,شقه تمليك
142 نساء,39,85,155,خمريه,مصرية,جامعي,معلمة,مطلقه,متوسط,نقاب,نعم,34,82,171,1111,فوق جامعي,"['متزوج', 'اعزب', 'ارمل له اولاد', 'مطلق', 'ارمل بدون اولاد']",6,حسب الاتفاق
144 نساء,23,65,169,بيضاء,مصرية,جامعي,موظفة,انسه,متوسط,طرحة,نعم,25,77,169,1111,فوق جامعي,['اعزب'],12,ايجار
145 نساء,37,70,158,خمريه,مصرية,فوق جامعي,معلمة,انسه,متوسط,نقاب,نعم,41,102,185,1111,فوق جامعي,"['ارمل بدون اولاد', 'اعزب', 'مطلق']",12,بيت عائله في شقه منفصله
146 نساء,36,50,153,خمريه,مصرية,فوق جامعي,موظفة,مطلقه,متوسط,نقاب,نعم,42,82,190,1111,فوق جامعي,"['ارمل بدون اولاد', 'مطلق']",6,شقه تمليك
147 نساء,28,50,165,خمريه,مصرية,جامعي,موظفة,انسه,متوسط,طرحة,نعم,30,80,180,0100,جامعي,['اعزب'],12,شقه تمليك
148 نساء,32,60,155,بيضاء,مصرية,فوق جامعي,معلمة,انسه,متوسط,طرحة,نعم,34,75,177,1110,فوق جامعي,"['ارمل بدون اولاد', 'اعزب', 'مطلق']",6,ايجار
149 نساء,23,50,155,قمحيه,مصرية,جامعي,موظفة,انسه,متوسط,طرحة,نعم,29,77,167,1111,جامعي,['اعزب'],12,شقه تمليك
150 نساء,29,62,150,قمحيه,مصرية,جامعي,موظفة,انسه,متوسط,طرحة,نعم,32,70,175,0100,جامعي,['اعزب'],12,حسب الاتفاق
152 نساء,34,73,168,قمحيه,مصرية,جامعي,موظفة,انسه,مرتفع,نقاب,نعم,34,82,165,1111,فوق جامعي,"['ارمل بدون اولاد', 'اعزب', 'مطلق']",6,ايجار
153 نساء,26,54,165,خمريه,مصرية,فوق جامعي,موظفة,انسه,متوسط,خمار,نعم,30,90,171,0100,فوق جامعي,['اعزب'],12,شقه تمليك
154 نساء,40,60,159,بيضاء,مصرية,فوق جامعي,مهندسة,انسه,متوسط,طرحة,نعم,41,82,170,1111,فوق جامعي,"['ارمل بدون اولاد', 'اعزب', 'مطلق']",3,ايجار
156 نساء,23,70,163,خمريه,مصرية,جامعي,معلمة,انسه,متوسط,نقاب,نعم,25,85,180,0010,جامعي,['اعزب'],6,حسب الاتفاق
157 نساء,27,85,165,خمريه,مصرية,جامعي,موظفة,انسه,متوسط,طرحة,غالبا,31,82,175,1110,فوق جامعي,['اعزب'],12,شقه تمليك
158 نساء,23,60,160,خمريه,مصرية,جامعي,ربة منزل,انسه,متوسط,طرحة,غالبا,28,82,175,1111,فوق جامعي,['اعزب'],12,بيت عائله في شقه منفصله
159 نساء,21,73,164,خمريه,مصرية,جامعي,موظفة,انسه,متوسط,نقاب,نعم,26,85,170,1111,فوق جامعي,['اعزب'],12,شقه تمليك
161 نساء,26,81,165,سمراء,مصرية,جامعي,موظفة,انسه,متوسط,نقاب,نعم,30,82,165,1111,جامعي,['اعزب'],12,ايجار
162 نساء,45,85,170,خمريه,مصرية,فوق جامعي,طبيبة,انسه,مرتفع,طرحة,نعم,52,82,171,1111,فوق جامعي,"['ارمل بدون اولاد', 'اعزب', 'مطلق']",6,شقه تمليك
163 نساء,32,56,157,خمريه,مصرية,جامعي,معلمة,انسه,متوسط,خمار,نعم,35,65,160,1111,جامعي,"['ارمل بدون اولاد', 'اعزب', 'مطلق']",6,بيت عائله في شقه منفصله
164 نساء,27,65,160,بيضاء,مصرية,فوق جامعي,موظفة,انسه,متوسط,نقاب,نعم,30,82,175,1110,فوق جامعي,['اعزب'],6,شقه تمليك
166 نساء,35,71,159,قمحيه,مصرية,فوق جامعي,طبيبة,انسه,شعبي,نقاب,نعم,40,82,171,1111,فوق جامعي,"['ارمل بدون اولاد', 'اعزب', 'مطلق']",12,بيت عائله في شقه منفصله
167 نساء,39,60,150,خمريه,مصرية,جامعي,مهندسة,انسه,شعبي,طرحة,نعم,50,85,175,1111,جامعي,"['ارمل بدون اولاد', 'اعزب', 'مطلق']",6,حسب الاتفاق
168 نساء,34,80,156,بيضاء,مصرية,جامعي,معلمة,انسه,متوسط,طرحة,نعم,36,82,171,1111,جامعي,['اعزب'],6,ايجار
169 نساء,35,65,160,خمريه,مصرية,فوق جامعي,معلمة,انسه,متوسط,طرحة,نعم,37,82,171,1111,جامعي,['اعزب'],3,ايجار
170 نساء,41,60,160,بيضاء,مصرية,جامعي,موظفة,انسه,متوسط,طرحة,نعم,46,80,170,1111,جامعي,"['متزوج', 'اعزب', 'ارمل له اولاد', 'مطلق', 'ارمل بدون اولاد']",3,حسب الاتفاق
171 نساء,30,67,165,خمريه,مصرية,جامعي,مهندسة,انسه,مرتفع,طرحة,نعم,33,82,171,1110,فوق جامعي,['اعزب'],12,شقه تمليك
172 نساء,21,65,168,قمحيه,مصرية,جامعي,محاسبة,انسه,متوسط,طرحة,نعم,27,82,185,0011,جامعي,['اعزب'],12,شقه تمليك
173 نساء,25,70,165,خمريه,مصرية,جامعي,ربة منزل,انسه,متوسط,طرحة,نعم,31,80,175,0100,جامعي,['اعزب'],6,شقه تمليك
174 نساء,29,55,165,خمريه,مصرية,جامعي,موظفة,انسه,متوسط,طرحة,نعم,34,82,170,1110,جامعي,['اعزب'],12,ايجار
175 نساء,32,75,168,بيضاء,مصرية,فوق جامعي,محاسبة,انسه,متوسط,طرحة,نعم,39,82,170,1111,فوق جامعي,['اعزب'],12,ايجار
176 نساء,24,50,165,قمحيه,مصرية,جامعي,طبيبة,انسه,متوسط,نقاب,نعم,33,82,165,1111,فوق جامعي,['اعزب'],6,شقه تمليك
177 نساء,36,81,160,قمحيه,مصرية,فوق جامعي,موظفة,انسه,متوسط,طرحة,غالبا,38,87,180,0010,فوق جامعي,['اعزب'],3,شقه تمليك
178 نساء,26,60,157,خمريه,مصرية,جامعي,ربة منزل,انسه,شعبي,طرحة,غالبا,34,82,171,1111,متوسط,['اعزب'],3,حسب الاتفاق
179 نساء,21,66,160,بيضاء,مصرية,جامعي,موظفة,انسه,متوسط,خمار,نعم,27,85,180,0100,جامعي,['اعزب'],12,شقه تمليك
180 نساء,52,78,153,بيضاء,مصرية,متوسط,موظفة,ارمله,متوسط,طرحة,نعم,55,80,162,1110,فوق جامعي,"['ارمل بدون اولاد', 'مطلق']",6,ايجار
181 نساء,25,70,163,بيضاء,مصرية,فوق جامعي,موظفة,انسه,متوسط,نقاب,نعم,31,80,178,1111,جامعي,"['ارمل بدون اولاد', 'اعزب', 'مطلق']",12,شقه تمليك
182 نساء,53,75,162,خمريه,مصرية,جامعي,موظفة,مطلقه,مرتفع,طرحة,نعم,58,82,171,1111,جامعي,"['ارمل بدون اولاد', 'مطلق', 'ارمل له اولاد']",6,ايجار
183 نساء,25,58,164,خمريه,مصرية,متوسط,موظفة,انسه,شعبي,خمار,نعم,30,82,170,1111,متوسط,['اعزب'],6,شقه تمليك
184 نساء,26,74,168,بيضاء,مصرية,جامعي,موظفة,انسه,متوسط,طرحة,نعم,30,75,170,1110,فوق جامعي,['اعزب'],12,حسب الاتفاق
185 نساء,33,65,161,بيضاء,مصرية,فوق جامعي,موظفة,انسه,متوسط,خمار,نعم,34,82,171,0100,جامعي,['اعزب'],6,ايجار
186 نساء,31,73,175,خمريه,مصرية,جامعي,ربة منزل,انسه,متوسط,طرحة,نعم,33,82,171,1111,جامعي,['اعزب'],6,ايجار
187 نساء,33,85,170,بيضاء,مصرية,متوسط,معلمة,مطلقه,متوسط,طرحة,نعم,38,82,171,1111,متوسط,"['ارمل بدون اولاد', 'مطلق', 'ارمل له اولاد']",3,شقه تمليك
188 نساء,28,55,157,خمريه,مصرية,جامعي,موظفة,انسه,متوسط,طرحة,نعم,32,72,175,1111,فوق جامعي,['اعزب'],6,شقه تمليك
189 نساء,30,70,165,خمريه,مصرية,فوق جامعي,معلمة,مطلقه,متوسط,نقاب,نعم,35,90,160,0110,جامعي,"['ارمل بدون اولاد', 'اعزب', 'مطلق']",6,بيت عائله في شقه منفصله
191 نساء,28,70,167,بيضاء,مصرية,جامعي,موظفة,مطلقه,متوسط,طرحة,غالبا,32,82,171,1110,فوق جامعي,"['ارمل بدون اولاد', 'اعزب', 'مطلق']",6,ايجار
192 نساء,28,54,166,قمحيه,مصرية,جامعي,موظفة,انسه,متوسط,نقاب,نعم,31,82,170,1110,جامعي,['اعزب'],6,ايجار
193 نساء,40,75,165,بيضاء,مصرية,متوسط,موظفة,مطلقه,متوسط,طرحة,نعم,45,80,170,1111,متوسط,"['متزوج', 'اعزب', 'ارمل له اولاد', 'مطلق', 'ارمل بدون اولاد']",12,ايجار
194 نساء,30,70,163,خمريه,مصرية,فوق جامعي,ربة منزل,انسه,مرتفع,طرحة,نعم,35,82,171,1111,جامعي,['اعزب'],12,حسب الاتفاق
195 نساء,31,60,158,قمحيه,مصرية,جامعي,مهندسة,انسه,متوسط,طرحة,نعم,35,95,180,1111,جامعي,"['ارمل بدون اولاد', 'اعزب', 'مطلق']",6,ايجار
196 نساء,31,55,160,خمريه,مصرية,جامعي,معلمة,انسه,متوسط,طرحة,نعم,35,75,175,1110,جامعي,['اعزب'],6,ايجار
197 نساء,21,67,168,قمحيه,مصرية,جامعي,موظفة,انسه,متوسط,طرحة,نعم,27,82,175,1011,جامعي,['اعزب'],12,شقه تمليك
198 نساء,37,80,165,خمريه,مصرية,فوق جامعي,موظفة,انسه,متوسط,طرحة,نعم,42,82,170,1111,جامعي,"['ارمل بدون اولاد', 'اعزب', 'مطلق']",12,حسب الاتفاق
199 نساء,44,75,160,خمريه,مصرية,جامعي,طبيبة,انسه,مرتفع,طرحة,نعم,34,82,171,1111,فوق جامعي,"['ارمل بدون اولاد', 'اعزب', 'مطلق', 'ارمل له اولاد']",3,شقه تمليك
200 نساء,26,60,167,خمريه,مصرية,جامعي,موظفة,انسه,مرتفع,نقاب,نعم,31,82,171,0010,فوق جامعي,['اعزب'],6,شقه تمليك
201 نساء,27,120,170,بيضاء,مصرية,جامعي,موظفة,مطلقه,متوسط,طرحة,غالبا,35,100,171,1111,جامعي,"['ارمل بدون اولاد', 'اعزب', 'مطلق']",3,شقه تمليك
202 نساء,22,62,163,بيضاء,مصرية,جامعي,موظفة,انسه,شعبي,خمار,نعم,24,75,175,1000,جامعي,['اعزب'],12,شقه تمليك
203 نساء,24,50,160,خمريه,مصرية,فوق جامعي,معلمة,انسه,متوسط,طرحة,نعم,27,65,170,1100,فوق جامعي,['اعزب'],12,شقه تمليك
205 نساء,28,64,160,خمريه,مصرية,جامعي,معلمة,مطلقه,متوسط,نقاب,نعم,34,82,171,1111,متوسط,"['ارمل بدون اولاد', 'اعزب', 'مطلق', 'ارمل له اولاد']",3,حسب الاتفاق
206 نساء,24,70,172,خمريه,مصرية,جامعي,موظفة,انسه,متوسط,طرحة,نعم,34,82,171,1111,فوق جامعي,['اعزب'],12,حسب الاتفاق
208 نساء,33,60,165,قمحيه,مصرية,جامعي,موظفة,انسه,شعبي,طرحة,نعم,35,100,185,0111,متوسط,['اعزب'],6,حسب الاتفاق
209 نساء,23,57,156,قمحيه,مصرية,جامعي,معلمة,انسه,متوسط,طرحة,نعم,27,65,170,1111,جامعي,['اعزب'],12,ايجار
210 نساء,36,64,164,خمريه,مصرية,جامعي,موظفة,مطلقه,مرتفع,طرحة,نعم,40,85,175,1111,فوق جامعي,"['ارمل بدون اولاد', 'اعزب', 'مطلق']",6,شقه تمليك
211 نساء,30,81,164,خمريه,مصرية,فوق جامعي,موظفة,مطلقه,متوسط,طرحة,نعم,35,100,180,1111,جامعي,"['متزوج', 'اعزب', 'ارمل له اولاد', 'مطلق', 'ارمل بدون اولاد']",6,حسب الاتفاق
212 نساء,28,70,166,بيضاء,مصرية,جامعي,ربة منزل,انسه,شعبي,نقاب,نعم,35,82,171,1110,فوق جامعي,['اعزب'],12,ايجار
213 نساء,31,65,160,بيضاء,مصرية,فوق جامعي,موظفة,انسه,متوسط,نقاب,نعم,35,75,175,1010,فوق جامعي,['اعزب'],3,شقه تمليك
215 نساء,27,65,162,قمحيه,مصرية,جامعي,موظفة,انسه,متوسط,طرحة,نعم,34,82,171,1111,جامعي,['اعزب'],6,شقه تمليك
216 نساء,36,65,165,بيضاء,مصرية,جامعي,موظفة,انسه,متوسط,طرحة,نعم,41,75,175,1000,متوسط,['اعزب'],12,شقه تمليك
217 نساء,24,80,170,خمريه,مصرية,جامعي,ربة منزل,انسه,متوسط,طرحة,نعم,30,90,171,1111,جامعي,['اعزب'],12,ايجار
218 نساء,24,75,167,بيضاء,مصرية,جامعي,معلمة,مطلقه,مرتفع,نقاب,نعم,31,100,170,1111,فوق جامعي,"['ارمل بدون اولاد', 'اعزب', 'مطلق', 'ارمل له اولاد']",12,ايجار
219 نساء,28,60,163,قمحيه,مصرية,فوق جامعي,موظفة,انسه,متوسط,طرحة,نعم,40,82,171,1111,جامعي,"['ارمل بدون اولاد', 'اعزب', 'مطلق']",3,بيت عائله في شقه منفصله
220 نساء,24,53,162,خمريه,مصرية,فوق جامعي,معلمة,انسه,متوسط,طرحة,نعم,27,82,180,1111,فوق جامعي,['اعزب'],12,شقه تمليك
221 نساء,26,72,163,بيضاء,مصرية,جامعي,معلمة,انسه,شعبي,خمار,نعم,30,100,171,1110,فوق جامعي,['اعزب'],6,ايجار
222 نساء,22,80,150,بيضاء,مصرية,متوسط,ربة منزل,انسه,متوسط,طرحة,نعم,27,80,180,0100,جامعي,['اعزب'],12,شقه تمليك
223 نساء,24,59,160,خمريه,مصرية,جامعي,طبيبة,انسه,ريفي,نقاب,نعم,26,82,170,1111,جامعي,['اعزب'],12,حسب الاتفاق
224 نساء,24,80,163,خمريه,مصرية,جامعي,ربة منزل,انسه,متوسط,نقاب,نعم,29,82,165,1111,جامعي,['اعزب'],6,شقه تمليك
225 نساء,21,75,165,بيضاء,مصرية,جامعي,موظفة,انسه,متوسط,نقاب,نعم,26,82,165,1111,جامعي,['اعزب'],3,حسب الاتفاق
226 نساء,27,63,163,خمريه,مصرية,جامعي,موظفة,انسه,متوسط,نقاب,نعم,30,82,167,1111,فوق جامعي,['اعزب'],12,ايجار
227 نساء,32,63,166,قمحيه,مصرية,فوق جامعي,موظفة,انسه,متوسط,طرحة,غالبا,40,82,170,0110,جامعي,"['ارمل بدون اولاد', 'اعزب', 'مطلق']",12,شقه تمليك
228 نساء,25,80,170,خمريه,مصرية,جامعي,موظفة,انسه,متوسط,خمار,نعم,29,82,171,0100,جامعي,"['ارمل بدون اولاد', 'اعزب', 'مطلق']",6,بيت عائله في شقه منفصله
229 نساء,25,75,159,خمريه,مصرية,جامعي,موظفة,انسه,متوسط,نقاب,نعم,30,82,171,1111,جامعي,['اعزب'],12,ايجار
230 نساء,24,60,161,خمريه,مصرية,جامعي,موظفة,انسه,متوسط,خمار,نعم,26,82,171,1111,جامعي,['اعزب'],12,ايجار
231 نساء,32,59,158,قمحيه,مصرية,جامعي,معلمة,انسه,متوسط,نقاب,نعم,35,82,171,0100,جامعي,['اعزب'],6,شقه تمليك
232 نساء,39,80,165,قمحيه,مصرية,جامعي,موظفة,مطلقه,متوسط,نقاب,نعم,45,95,170,1111,فوق جامعي,"['ارمل بدون اولاد', 'مطلق', 'متزوج']",3,ايجار
233 نساء,36,61,163,قمحيه,مصرية,فوق جامعي,طبيبة,انسه,مرتفع,خمار,غالبا,44,82,171,1111,فوق جامعي,"['ارمل بدون اولاد', 'اعزب', 'مطلق', 'ارمل له اولاد', 'متزوج']",6,بيت عائله في شقه منفصله
234 نساء,22,80,165,بيضاء,مصرية,جامعي,موظفة,انسه,متوسط,خمار,نعم,26,90,170,1111,جامعي,['اعزب'],12,حسب الاتفاق
236 نساء,22,80,150,بيضاء,مصرية,متوسط,ربة منزل,انسه,متوسط,طرحة,نعم,27,80,175,1001,جامعي,['اعزب'],12,شقه تمليك
237 نساء,30,85,165,خمريه,مصرية,جامعي,موظفة,انسه,شعبي,خمار,نعم,32,82,171,1111,جامعي,['اعزب'],3,شقه تمليك
238 نساء,21,62,165,بيضاء,مصرية,متوسط,ربة منزل,انسه,متوسط,نقاب,نعم,26,90,170,1100,فوق جامعي,['اعزب'],12,ايجار
239 نساء,30,77,160,بيضاء,مصرية,جامعي,معلمة,انسه,شعبي,نقاب,نعم,37,82,160,1111,فوق جامعي,"['ارمل بدون اولاد', 'اعزب', 'مطلق']",3,ايجار
240 نساء,27,65,155,خمريه,مصرية,جامعي,موظفة,انسه,ريفي,خمار,نعم,29,80,171,1111,جامعي,['اعزب'],3,ايجار
241 نساء,22,63,167,خمريه,مصرية,جامعي,موظفة,انسه,شعبي,طرحة,نعم,26,75,180,1100,فوق جامعي,['اعزب'],6,ايجار
242 نساء,26,60,164,بيضاء,مصرية,جامعي,موظفة,انسه,متوسط,طرحة,غالبا,33,82,180,1100,فوق جامعي,['اعزب'],12,ايجار
243 نساء,28,58,160,خمريه,مصرية,فوق جامعي,موظفة,انسه,مرتفع,طرحة,نعم,30,82,180,1111,فوق جامعي,"['ارمل بدون اولاد', 'اعزب', 'مطلق']",12,شقه تمليك
244 نساء,42,75,165,قمحيه,مصرية,جامعي,معلمة,مطلقه,متوسط,طرحة,نعم,44,82,171,0010,جامعي,"['ارمل بدون اولاد', 'مطلق']",6,ايجار
245 نساء,26,80,167,بيضاء,مصرية,جامعي,موظفة,انسه,متوسط,طرحة,نعم,32,80,170,0110,فوق جامعي,['اعزب'],12,شقه تمليك
246 نساء,26,64,155,خمريه,مصرية,جامعي,موظفة,انسه,ريفي,خمار,نعم,30,82,171,1110,فوق جامعي,['اعزب'],6,ايجار
249 نساء,31,85,170,قمحيه,مصرية,جامعي,موظفة,انسه,متوسط,طرحة,نعم,30,82,170,1111,جامعي,['اعزب'],12,حسب الاتفاق
250 نساء,27,57,160,قمحيه,مصرية,جامعي,ربة منزل,انسه,شعبي,خمار,نعم,30,82,172,1110,فوق جامعي,['اعزب'],12,بيت عائله في شقه منفصله
251 نساء,20,68,165,خمريه,مصرية,جامعي,موظفة,انسه,متوسط,طرحة,نعم,27,75,170,1000,جامعي,['اعزب'],12,بيت عائله في شقه منفصله
252 نساء,24,66,163,بيضاء,مصرية,جامعي,موظفة,انسه,مرتفع,نقاب,نعم,28,82,180,1111,جامعي,['اعزب'],6,شقه تمليك
253 نساء,28,70,165,خمريه,مصرية,متوسط,ربة منزل,مطلقه,متوسط,طرحة,نعم,33,82,185,1111,جامعي,"['ارمل بدون اولاد', 'اعزب', 'مطلق']",6,شقه تمليك
254 نساء,37,67,165,خمريه,مصرية,فوق جامعي,طبيبة,انسه,مرتفع,طرحة,نعم,41,82,167,1111,فوق جامعي,"['ارمل بدون اولاد', 'اعزب', 'مطلق', 'ارمل له اولاد']",6,بيت عائله في شقه منفصله
255 نساء,48,65,153,قمحيه,مصرية,جامعي,موظفة,انسه,متوسط,طرحة,نعم,60,82,165,1110,فوق جامعي,['مطلق'],6,حسب الاتفاق
256 نساء,42,68,163,قمحيه,مصرية,جامعي,موظفة,انسه,متوسط,خمار,نعم,48,100,165,0111,فوق جامعي,"['ارمل بدون اولاد', 'اعزب', 'مطلق', 'ارمل له اولاد']",3,بيت عائله في شقه منفصله
257 نساء,25,70,160,قمحيه,مصرية,جامعي,معلمة,انسه,شعبي,نقاب,نعم,31,90,180,1111,جامعي,['اعزب'],6,ايجار
258 نساء,48,75,170,خمريه,مصرية,متوسط,موظفة,مطلقه,متوسط,نقاب,نعم,45,82,175,0110,جامعي,"['ارمل بدون اولاد', 'مطلق', 'ارمل له اولاد']",3,ايجار
259 نساء,32,58,165,قمحيه,مصرية,جامعي,طبيبة,انسه,متوسط,نقاب,غالبا,34,82,165,1111,جامعي,['اعزب'],6,شقه تمليك
263 نساء,34,55,156,خمريه,مصرية,جامعي,معلمة,انسه,متوسط,نقاب,نعم,35,82,171,0110,جامعي,"['ارمل بدون اولاد', 'اعزب', 'مطلق', 'متزوج']",6,ايجار
264 نساء,27,65,165,خمريه,مصرية,متوسط,موظفة,انسه,شعبي,خمار,نعم,31,85,165,1111,جامعي,['اعزب'],12,حسب الاتفاق
265 نساء,32,60,155,خمريه,مصرية,جامعي,موظفة,انسه,متوسط,طرحة,نعم,36,82,160,1111,فوق جامعي,"['ارمل بدون اولاد', 'اعزب', 'مطلق']",6,بيت عائله في شقه منفصله
266 نساء,35,85,162,قمحيه,مصرية,جامعي,مهندسة,انسه,مرتفع,طرحة,نعم,38,85,167,0100,جامعي,['اعزب'],3,شقه تمليك
268 نساء,38,75,174,خمريه,مصرية,جامعي,طبيبة,مطلقه,متوسط,طرحة,نعم,40,75,170,0010,جامعي,"['ارمل بدون اولاد', 'مطلق', 'ارمل له اولاد']",6,ايجار
269 نساء,28,75,165,بيضاء,مصرية,جامعي,موظفة,انسه,مرتفع,طرحة,نعم,33,82,171,1000,جامعي,['اعزب'],6,شقه تمليك
270 نساء,35,65,163,قمحيه,مصرية,جامعي,موظفة,انسه,متوسط,طرحة,غالبا,35,82,165,1111,فوق جامعي,"['ارمل بدون اولاد', 'اعزب', 'مطلق']",12,ايجار
271 نساء,26,65,160,بيضاء,مصرية,فوق جامعي,معلمة,مطلقه,متوسط,طرحة,نعم,30,82,171,1000,فوق جامعي,"['ارمل بدون اولاد', 'مطلق']",6,شقه تمليك
272 نساء,27,56,153,بيضاء,مصرية,جامعي,معلمة,انسه,متوسط,طرحة,نعم,31,82,171,1111,جامعي,['اعزب'],6,بيت عائله في شقه منفصله
273 نساء,41,84,175,خمريه,مصرية,جامعي,ربة منزل,مطلقه,مرتفع,نقاب,نعم,45,100,180,1111,فوق جامعي,['متزوج'],3,ايجار
274 نساء,37,66,165,خمريه,مصرية,جامعي,موظفة,انسه,متوسط,طرحة,غالبا,39,70,170,1110,فوق جامعي,"['ارمل بدون اولاد', 'اعزب', 'مطلق']",3,شقه تمليك
275 نساء,20,65,166,خمريه,مصرية,جامعي,موظفة,انسه,متوسط,خمار,نعم,30,82,175,1110,فوق جامعي,['اعزب'],6,شقه تمليك
276 نساء,24,52,155,قمحيه,مصرية,جامعي,معلمة,انسه,متوسط,طرحة,نعم,27,82,171,1111,جامعي,['اعزب'],12,شقه تمليك
277 نساء,29,53,158,قمحيه,مصرية,جامعي,موظفة,انسه,متوسط,طرحة,نعم,35,82,160,1111,فوق جامعي,"['ارمل بدون اولاد', 'اعزب', 'مطلق']",12,ايجار
278 نساء,32,63,160,خمريه,مصرية,فوق جامعي,موظفة,مطلقه,متوسط,نقاب,نعم,40,82,171,1111,فوق جامعي,"['ارمل بدون اولاد', 'اعزب', 'مطلق', 'ارمل له اولاد']",6,ايجار
279 نساء,31,80,178,بيضاء,مصرية,جامعي,موظفة,مطلقه,مرتفع,طرحة,نعم,40,82,171,1111,فوق جامعي,"['ارمل بدون اولاد', 'اعزب', 'مطلق', 'ارمل له اولاد']",6,شقه تمليك
280 نساء,38,62,155,بيضاء,مصرية,فوق جامعي,موظفة,انسه,متوسط,طرحة,نعم,45,82,160,0110,فوق جامعي,"['ارمل بدون اولاد', 'اعزب', 'مطلق', 'ارمل له اولاد']",3,شقه تمليك
281 نساء,31,60,160,قمحيه,مصرية,جامعي,مهندسة,انسه,متوسط,طرحة,نعم,39,100,175,1111,جامعي,"['ارمل بدون اولاد', 'اعزب', 'مطلق']",6,بيت عائله في شقه منفصله
282 نساء,31,70,173,بيضاء,مصرية,فوق جامعي,موظفة,انسه,ريفي,طرحة,نعم,40,80,170,1111,جامعي,"['ارمل بدون اولاد', 'اعزب', 'مطلق']",3,بيت عائله في شقه منفصله
283 نساء,38,80,170,قمحيه,مصرية,جامعي,معلمة,انسه,ريفي,طرحة,نعم,37,82,170,1111,فوق جامعي,"['ارمل بدون اولاد', 'اعزب', 'مطلق']",12,شقه تمليك
284 نساء,23,68,160,خمريه,مصرية,جامعي,موظفة,انسه,متوسط,طرحة,نعم,27,82,170,0111,فوق جامعي,['اعزب'],6,ايجار
285 نساء,35,90,165,بيضاء,مصرية,جامعي,معلمة,انسه,متوسط,طرحة,نعم,37,82,171,1111,جامعي,['اعزب'],6,ايجار
286 نساء,21,56,156,بيضاء,مصرية,جامعي,ربة منزل,انسه,متوسط,نقاب,نعم,28,82,171,1110,جامعي,['اعزب'],12,ايجار
287 نساء,40,100,160,قمحيه,مصرية,جامعي,معلمة,مطلقه,مرتفع,طرحة,غالبا,43,82,170,1111,فوق جامعي,"['متزوج', 'اعزب', 'ارمل له اولاد', 'مطلق', 'ارمل بدون اولاد']",6,حسب الاتفاق
288 نساء,27,67,155,قمحيه,مصرية,جامعي,ربة منزل,انسه,متوسط,طرحة,نعم,33,102,180,1110,متوسط,"['متزوج', 'اعزب', 'ارمل له اولاد', 'مطلق', 'ارمل بدون اولاد']",6,شقه تمليك
289 نساء,24,75,164,قمحيه,مصرية,جامعي,موظفة,انسه,متوسط,طرحة,غالبا,28,85,164,0110,فوق جامعي,['اعزب'],12,ايجار
290 نساء,34,80,165,خمريه,مصرية,جامعي,موظفة,مطلقه,مرتفع,نقاب,نعم,36,82,177,1110,فوق جامعي,"['ارمل بدون اولاد', 'اعزب', 'مطلق']",6,ايجار
291 نساء,26,80,160,بيضاء,مصرية,جامعي,طبيبة,انسه,مرتفع,خمار,نعم,30,82,160,1111,فوق جامعي,['اعزب'],12,شقه تمليك
292 نساء,39,75,168,بيضاء,مصرية,فوق جامعي,موظفة,مطلقه,مرتفع,طرحة,غالبا,34,82,168,1111,فوق جامعي,"['ارمل بدون اولاد', 'اعزب', 'مطلق', 'ارمل له اولاد']",6,شقه تمليك
293 نساء,27,70,160,خمريه,مصرية,جامعي,موظفة,انسه,متوسط,طرحة,نعم,33,82,170,1111,جامعي,"['ارمل بدون اولاد', 'اعزب', 'مطلق']",6,ايجار
295 نساء,30,70,160,بيضاء,مصرية,فوق جامعي,طبيبة,انسه,مرتفع,طرحة,نعم,32,80,180,1111,فوق جامعي,['اعزب'],6,حسب الاتفاق
296 نساء,42,75,164,خمريه,مصرية,متوسط,موظفة,مطلقه,مرتفع,نقاب,نعم,50,100,170,1111,جامعي,"['ارمل بدون اولاد', 'مطلق', 'ارمل له اولاد']",6,حسب الاتفاق
297 نساء,27,60,160,بيضاء,مصرية,فوق جامعي,مهندسة,انسه,مرتفع,طرحة,نعم,34,82,171,1111,فوق جامعي,['اعزب'],12,حسب الاتفاق
298 نساء,26,61,169,خمريه,مصرية,فوق جامعي,ربة منزل,انسه,متوسط,طرحة,نعم,31,76,177,1101,فوق جامعي,['اعزب'],12,شقه تمليك
299 نساء,27,60,160,خمريه,مصرية,جامعي,معلمة,انسه,متوسط,نقاب,نعم,34,82,171,1111,جامعي,['اعزب'],12,حسب الاتفاق
300 نساء,48,80,160,بيضاء,مصرية,جامعي,موظفة,مطلقه,متوسط,طرحة,نعم,56,82,171,1111,فوق جامعي,"['ارمل بدون اولاد', 'مطلق', 'ارمل له اولاد']",3,ايجار
301 نساء,30,56,162,قمحيه,مصرية,جامعي,معلمة,انسه,متوسط,نقاب,نعم,23,82,165,1111,فوق جامعي,['اعزب'],12,حسب الاتفاق
302 نساء,39,67,163,خمريه,مصرية,فوق جامعي,مهندسة,انسه,متوسط,طرحة,غالبا,45,80,177,1111,فوق جامعي,"['ارمل بدون اولاد', 'اعزب', 'مطلق', 'ارمل له اولاد']",6,شقه تمليك
303 نساء,23,59,150,بيضاء,مصرية,فوق جامعي,ربة منزل,انسه,متوسط,نقاب,نعم,27,82,171,1110,فوق جامعي,['اعزب'],12,شقه تمليك
304 نساء,24,57,156,بيضاء,مصرية,جامعي,معلمة,انسه,متوسط,خمار,نعم,30,70,170,1100,فوق جامعي,['اعزب'],6,بيت عائله في شقه منفصله
305 نساء,27,90,166,خمريه,مصرية,جامعي,موظفة,انسه,متوسط,طرحة,غالبا,27,82,166,1111,متوسط,['اعزب'],12,ايجار
306 نساء,27,85,170,بيضاء,مصرية,جامعي,مهندسة,انسه,متوسط,طرحة,نعم,30,87,170,1111,جامعي,['اعزب'],12,ايجار
306 نساء,27,85,170,بيضاء,مصرية,جامعي,مهندسة,انسه,متوسط,طرحة,نعم,30,87,170,1111,جامعي,['اعزب'],12,ايجار
307 نساء,26,77,163,خمريه,مصرية,جامعي,موظفة,انسه,متوسط,نقاب,نعم,27,82,170,1111,جامعي,['اعزب'],12,بيت عائله في شقه منفصله
308 نساء,36,54,153,خمريه,مصرية,متوسط,موظفة,ارمله,متوسط,طرحة,نعم,41,82,160,0100,جامعي,"['ارمل بدون اولاد', 'مطلق']",6,شقه تمليك
309 نساء,26,50,160,بيضاء,مصرية,جامعي,طبيبة,انسه,متوسط,نقاب,نعم,30,82,180,1100,جامعي,['اعزب'],12,ايجار
310 نساء,26,50,169,بيضاء,مصرية,جامعي,ربة منزل,انسه,متوسط,خمار,غالبا,29,70,177,1111,فوق جامعي,['اعزب'],12,ايجار
311 نساء,29,75,160,بيضاء,مصرية,جامعي,معلمة,انسه,متوسط,نقاب,نعم,35,90,180,1110,فوق جامعي,['اعزب'],12,ايجار
313 نساء,35,55,160,بيضاء,مصرية,جامعي,موظفة,مطلقه,متوسط,طرحة,نعم,40,82,171,1111,متوسط,"['ارمل بدون اولاد', 'اعزب', 'مطلق', 'ارمل له اولاد']",3,حسب الاتفاق
314 نساء,22,65,160,بيضاء,مصرية,جامعي,موظفة,انسه,متوسط,نقاب,نعم,30,100,170,1111,جامعي,['اعزب'],12,بيت عائله في شقه منفصله
315 نساء,21,75,170,خمريه,مصرية,جامعي,موظفة,انسه,متوسط,طرحة,نعم,25,82,170,1111,جامعي,['اعزب'],12,ايجار
316 نساء,24,63,155,قمحيه,مصرية,جامعي,موظفة,انسه,متوسط,طرحة,نعم,27,100,170,0110,جامعي,['اعزب'],12,حسب الاتفاق
317 نساء,37,67,160,خمريه,مصرية,جامعي,موظفة,انسه,متوسط,طرحة,نعم,45,82,165,1111,جامعي,"['ارمل بدون اولاد', 'اعزب', 'مطلق']",6,ايجار
318 نساء,27,65,164,خمريه,مصرية,متوسط,معلمة,انسه,متوسط,نقاب,نعم,32,80,180,1111,فوق جامعي,"['اعزب', 'مطلق']",12,بيت عائله في شقه منفصله
319 نساء,26,60,154,خمريه,مصرية,جامعي,موظفة,انسه,متوسط,نقاب,نعم,35,82,171,1111,جامعي,['اعزب'],12,شقه تمليك
320 نساء,26,72,169,بيضاء,مصرية,جامعي,موظفة,انسه,شعبي,طرحة,نعم,29,90,185,1110,فوق جامعي,['اعزب'],12,ايجار
321 نساء,24,90,165,بيضاء,مصرية,جامعي,موظفة,انسه,متوسط,نقاب,نعم,27,82,170,1110,فوق جامعي,['اعزب'],6,ايجار
322 نساء,35,50,153,بيضاء,مصرية,جامعي,معلمة,انسه,متوسط,طرحة,نعم,38,75,165,1100,فوق جامعي,"['ارمل بدون اولاد', 'اعزب', 'مطلق']",6,شقه تمليك
323 نساء,21,50,152,بيضاء,مصرية,جامعي,موظفة,انسه,شعبي,نقاب,نعم,27,85,170,1111,جامعي,['اعزب'],6,بيت عائله في شقه منفصله
324 نساء,36,65,156,قمحيه,مصرية,متوسط,موظفة,مطلقه,متوسط,طرحة,نعم,41,82,171,1111,متوسط,"['ارمل بدون اولاد', 'اعزب', 'مطلق', 'ارمل له اولاد']",6,حسب الاتفاق
325 نساء,34,50,154,بيضاء,مصرية,جامعي,معلمة,مطلقه,متوسط,نقاب,نعم,45,82,171,1111,جامعي,"['ارمل بدون اولاد', 'مطلق']",6,حسب الاتفاق
326 نساء,33,73,173,قمحيه,مصرية,جامعي,ربة منزل,انسه,متوسط,خمار,نعم,38,82,171,1111,جامعي,['اعزب'],6,بيت عائله في شقه منفصله
327 نساء,30,67,164,بيضاء,مصرية,جامعي,معلمة,انسه,متوسط,طرحة,نعم,38,82,184,1000,جامعي,['اعزب'],3,شقه تمليك
328 نساء,32,50,158,بيضاء,مصرية,جامعي,موظفة,انسه,مرتفع,طرحة,غالبا,46,50,158,1111,فوق جامعي,"['ارمل بدون اولاد', 'اعزب', 'مطلق']",12,بيت عائله في شقه منفصله
329 نساء,39,55,153,خمريه,مصرية,جامعي,طبيبة,انسه,متوسط,طرحة,نعم,42,75,165,0110,فوق جامعي,"['ارمل بدون اولاد', 'اعزب', 'مطلق']",3,شقه تمليك
330 نساء,21,63,162,خمريه,مصرية,جامعي,موظفة,انسه,متوسط,نقاب,نعم,26,75,170,0110,جامعي,['اعزب'],12,شقه تمليك
331 نساء,28,70,158,بيضاء,مصرية,جامعي,موظفة,انسه,متوسط,نقاب,نعم,35,80,170,1111,جامعي,['اعزب'],6,شقه تمليك
332 نساء,22,60,163,سمراء,مصرية,جامعي,معلمة,انسه,متوسط,طرحة,نعم,27,67,167,0011,جامعي,['اعزب'],12,بيت عائله في شقه منفصله
333 نساء,23,58,165,بيضاء,مصرية,جامعي,موظفة,انسه,متوسط,نقاب,نعم,28,82,170,1110,فوق جامعي,['اعزب'],6,ايجار
334 نساء,23,70,160,بيضاء,مصرية,جامعي,موظفة,انسه,متوسط,خمار,نعم,31,82,171,1111,فوق جامعي,['اعزب'],6,ايجار
335 نساء,24,90,165,بيضاء,مصرية,جامعي,موظفة,انسه,متوسط,نقاب,نعم,28,82,170,1110,فوق جامعي,['اعزب'],6,ايجار
336 نساء,32,62,165,قمحيه,مصرية,جامعي,موظفة,انسه,متوسط,طرحة,غالبا,33,82,171,1111,جامعي,['اعزب'],3,شقه تمليك
337 نساء,36,50,161,خمريه,مصرية,فوق جامعي,موظفة,مطلقه,متوسط,نقاب,نعم,41,75,170,1111,فوق جامعي,"['ارمل بدون اولاد', 'مطلق']",6,شقه تمليك
338 نساء,40,70,170,بيضاء,مصرية,فوق جامعي,طبيبة,مطلقه,متوسط,طرحة,نعم,42,82,171,1111,فوق جامعي,"['ارمل بدون اولاد', 'اعزب', 'مطلق', 'ارمل له اولاد']",3,بيت عائله في شقه منفصله
339 نساء,26,60,155,خمريه,مصرية,جامعي,موظفة,انسه,متوسط,نقاب,نعم,35,82,171,1110,جامعي,['اعزب'],12,شقه تمليك
340 نساء,34,70,167,قمحيه,مصرية,جامعي,ربة منزل,مطلقه,مرتفع,نقاب,نعم,39,82,171,1111,فوق جامعي,"['ارمل بدون اولاد', 'اعزب', 'مطلق', 'ارمل له اولاد']",6,بيت عائله في شقه منفصله
342 نساء,31,80,165,خمريه,مصرية,جامعي,موظفة,انسه,متوسط,طرحة,نعم,40,90,180,1111,جامعي,['اعزب'],6,ايجار
343 نساء,29,65,170,خمريه,مصرية,جامعي,معلمة,انسه,مرتفع,نقاب,نعم,33,82,180,1111,فوق جامعي,['اعزب'],12,بيت عائله في شقه منفصله
344 نساء,36,78,164,خمريه,مصرية,جامعي,موظفة,انسه,مرتفع,طرحة,غالبا,41,82,166,1111,فوق جامعي,"['ارمل بدون اولاد', 'اعزب', 'مطلق']",12,بيت عائله في شقه منفصله
345 نساء,29,58,168,خمريه,مصرية,جامعي,موظفة,انسه,متوسط,طرحة,نعم,33,82,170,1111,جامعي,['اعزب'],6,ايجار
346 نساء,30,65,170,بيضاء,مصرية,جامعي,طبيبة,مطلقه,مرتفع,طرحة,نعم,35,82,171,1111,جامعي,"['ارمل بدون اولاد', 'اعزب', 'مطلق', 'ارمل له اولاد']",3,ايجار
347 نساء,24,85,170,بيضاء,مصرية,فوق جامعي,موظفة,انسه,مرتفع,نقاب,نعم,35,120,171,1111,جامعي,['اعزب'],12,ايجار
348 نساء,22,65,165,قمحيه,مصرية,جامعي,موظفة,انسه,مرتفع,نقاب,نعم,27,85,180,1111,جامعي,['اعزب'],12,شقه تمليك
349 نساء,22,65,160,خمريه,مصرية,جامعي,موظفة,انسه,ريفي,نقاب,نعم,35,100,165,1111,متوسط,['اعزب'],12,بيت عائله في شقه منفصله
350 نساء,35,70,160,بيضاء,مصرية,جامعي,موظفة,انسه,متوسط,طرحة,نعم,38,82,171,1000,فوق جامعي,['اعزب'],12,شقه تمليك
351 نساء,24,65,159,بيضاء,مصرية,جامعي,معلمة,انسه,متوسط,نقاب,نعم,30,87,171,1111,جامعي,['اعزب'],3,ايجار
352 نساء,22,56,160,بيضاء,مصرية,جامعي,موظفة,انسه,متوسط,نقاب,نعم,28,82,171,1111,فوق جامعي,['اعزب'],12,ايجار
353 نساء,25,55,157,خمريه,مصرية,فوق جامعي,معلمة,انسه,متوسط,نقاب,نعم,29,82,170,1111,جامعي,['اعزب'],3,حسب الاتفاق
354 نساء,36,85,153,قمحيه,مصرية,فوق جامعي,معلمة,انسه,متوسط,طرحة,نعم,41,82,171,1111,فوق جامعي,"['ارمل بدون اولاد', 'اعزب', 'مطلق']",12,بيت عائله في شقه منفصله
355 نساء,53,70,156,قمحيه,مصرية,جامعي,موظفة,مطلقه,متوسط,نقاب,نعم,34,82,171,1111,جامعي,['متزوج'],3,ايجار
356 نساء,21,55,158,خمريه,مصرية,جامعي,مهندسة,انسه,متوسط,خمار,نعم,27,82,177,0110,فوق جامعي,['اعزب'],6,شقه تمليك
357 نساء,30,58,163,بيضاء,مصرية,جامعي,موظفة,مطلقه,متوسط,نقاب,نعم,30,70,175,1111,فوق جامعي,"['ارمل بدون اولاد', 'اعزب', 'مطلق', 'ارمل له اولاد']",6,شقه تمليك
358 نساء,23,60,163,بيضاء,مصرية,جامعي,موظفة,انسه,مرتفع,طرحة,نعم,30,82,175,1111,فوق جامعي,['اعزب'],6,ايجار
359 نساء,27,60,160,بيضاء,مصرية,جامعي,معلمة,مطلقه,مرتفع,طرحة,نعم,32,90,165,0110,جامعي,"['ارمل بدون اولاد', 'اعزب', 'مطلق']",12,شقه تمليك
360 نساء,20,70,164,بيضاء,مصرية,جامعي,موظفة,انسه,متوسط,نقاب,نعم,27,82,180,0110,فوق جامعي,['اعزب'],12,شقه تمليك
361 نساء,30,56,158,بيضاء,مصرية,جامعي,موظفة,انسه,متوسط,نقاب,نعم,26,82,171,1100,فوق جامعي,['اعزب'],6,شقه تمليك
362 نساء,20,75,165,خمريه,مصرية,جامعي,طبيبة,انسه,متوسط,نقاب,نعم,25,100,185,1111,متوسط,['اعزب'],12,ايجار
364 نساء,28,63,167,خمريه,مصرية,فوق جامعي,موظفة,انسه,متوسط,طرحة,غالبا,35,80,171,1111,فوق جامعي,['اعزب'],12,شقه تمليك
365 نساء,26,72,150,بيضاء,مصرية,فوق جامعي,طبيبة,انسه,متوسط,طرحة,نعم,31,75,171,1111,فوق جامعي,['اعزب'],12,حسب الاتفاق
366 نساء,24,50,160,خمريه,مصرية,فوق جامعي,ربة منزل,انسه,مرتفع,طرحة,نعم,27,82,171,0100,جامعي,['اعزب'],12,شقه تمليك
367 نساء,28,65,160,قمحيه,مصرية,فوق جامعي,موظفة,انسه,متوسط,خمار,نعم,33,82,180,1111,فوق جامعي,['اعزب'],12,ايجار
368 نساء,27,82,160,بيضاء,مصرية,فوق جامعي,طبيبة,انسه,متوسط,نقاب,نعم,35,82,170,1111,جامعي,['اعزب'],3,شقه تمليك
369 نساء,21,56,159,بيضاء,مصرية,جامعي,موظفة,انسه,متوسط,نقاب,نعم,26,65,175,1100,جامعي,['اعزب'],12,حسب الاتفاق
371 نساء,38,85,165,بيضاء,مصرية,متوسط,ربة منزل,ارمله,متوسط,نقاب,نعم,47,82,171,1111,متوسط,"['متزوج', 'اعزب', 'ارمل له اولاد', 'مطلق', 'ارمل بدون اولاد']",6,حسب الاتفاق
372 نساء,25,53,155,خمريه,مصرية,جامعي,معلمة,انسه,متوسط,خمار,نعم,29,82,171,1111,فوق جامعي,['اعزب'],12,ايجار
373 نساء,20,67,177,خمريه,مصرية,متوسط,معلمة,انسه,شعبي,خمار,نعم,24,82,178,1111,جامعي,['اعزب'],6,شقه تمليك
374 نساء,24,57,161,بيضاء,مصرية,جامعي,موظفة,انسه,متوسط,خمار,نعم,29,82,171,1111,فوق جامعي,['اعزب'],12,ايجار
375 نساء,21,100,170,بيضاء,مصرية,جامعي,موظفة,انسه,متوسط,طرحة,غالبا,26,100,170,1100,فوق جامعي,['اعزب'],12,ايجار
376 نساء,40,70,170,خمريه,مصرية,جامعي,موظفة,انسه,متوسط,طرحة,نعم,50,90,165,1110,فوق جامعي,"['ارمل بدون اولاد', 'اعزب', 'مطلق']",6,بيت عائله في شقه منفصله
377 نساء,27,52,160,بيضاء,مصرية,جامعي,مهندسة,انسه,مرتفع,طرحة,نعم,29,82,178,1100,جامعي,['اعزب'],12,شقه تمليك
378 نساء,23,50,153,بيضاء,مصرية,جامعي,موظفة,انسه,متوسط,نقاب,نعم,26,82,171,1111,فوق جامعي,['اعزب'],6,ايجار
379 نساء,23,80,157,بيضاء,مصرية,جامعي,موظفة,انسه,متوسط,نقاب,نعم,28,82,175,0110,فوق جامعي,['اعزب'],6,شقه تمليك
380 نساء,28,53,165,بيضاء,مصرية,جامعي,موظفة,انسه,مرتفع,طرحة,نعم,32,82,160,1110,فوق جامعي,['اعزب'],6,حسب الاتفاق
381 نساء,43,75,170,قمحيه,مصرية,فوق جامعي,مهندسة,مطلقه,مرتفع,طرحة,غالبا,47,82,180,1111,فوق جامعي,['ارمل بدون اولاد'],12,حسب الاتفاق
382 نساء,24,67,161,خمريه,مصرية,جامعي,معلمة,انسه,مرتفع,طرحة,نعم,30,75,171,1111,جامعي,['اعزب'],12,شقه تمليك
383 نساء,36,65,157,قمحيه,مصرية,جامعي,معلمة,مطلقه,مرتفع,نقاب,نعم,39,82,171,1111,فوق جامعي,"['ارمل بدون اولاد', 'اعزب', 'مطلق', 'ارمل له اولاد']",6,ايجار
384 نساء,26,60,164,بيضاء,مصرية,جامعي,موظفة,انسه,متوسط,طرحة,نعم,34,82,171,1010,جامعي,['اعزب'],12,شقه تمليك
385 نساء,24,100,167,بيضاء,مصرية,جامعي,مهندسة,انسه,مرتفع,طرحة,نعم,30,82,175,1110,فوق جامعي,['اعزب'],12,ايجار
387 نساء,30,70,160,بيضاء,مصرية,جامعي,موظفة,انسه,متوسط,نقاب,نعم,24,80,175,1100,فوق جامعي,['اعزب'],6,بيت عائله في شقه منفصله
389 نساء,36,75,155,قمحيه,مصرية,جامعي,موظفة,انسه,شعبي,نقاب,نعم,39,80,175,0010,جامعي,"['ارمل بدون اولاد', 'اعزب', 'مطلق', 'ارمل له اولاد']",6,شقه تمليك
390 نساء,33,65,150,قمحيه,مصرية,متوسط,موظفة,انسه,شعبي,طرحة,غالبا,37,70,150,0010,متوسط,['اعزب'],6,ايجار
391 نساء,27,60,158,سمراء,مصرية,جامعي,معلمة,مطلقه,متوسط,نقاب,نعم,35,82,171,1111,جامعي,"['ارمل بدون اولاد', 'مطلق', 'ارمل له اولاد']",12,ايجار
392 نساء,24,60,161,بيضاء,مصرية,جامعي,موظفة,انسه,متوسط,خمار,نعم,30,82,171,1111,فوق جامعي,['اعزب'],12,شقه تمليك
393 نساء,32,69,160,بيضاء,مصرية,جامعي,طبيبة,انسه,مرتفع,طرحة,نعم,34,77,170,0100,جامعي,['اعزب'],6,شقه تمليك
394 نساء,25,68,169,بيضاء,مصرية,فوق جامعي,موظفة,انسه,متوسط,طرحة,نعم,30,82,170,1111,فوق جامعي,['اعزب'],3,شقه تمليك
395 نساء,20,50,160,خمريه,مصرية,متوسط,موظفة,انسه,شعبي,خمار,نعم,24,70,160,0100,جامعي,['اعزب'],6,بيت عائله في شقه منفصله
397 نساء,24,55,161,قمحيه,مصرية,جامعي,معلمة,مطلقه,متوسط,طرحة,غالبا,33,82,160,1110,فوق جامعي,"['ارمل بدون اولاد', 'اعزب', 'مطلق', 'ارمل له اولاد']",3,شقه تمليك
398 نساء,20,64,155,خمريه,مصرية,جامعي,موظفة,انسه,شعبي,نقاب,نعم,28,82,165,1111,متوسط,['اعزب'],12,ايجار
399 نساء,34,60,161,قمحيه,مصرية,جامعي,ربة منزل,انسه,مرتفع,نقاب,نعم,35,82,171,1111,فوق جامعي,['اعزب'],3,شقه تمليك
400 نساء,33,65,155,خمريه,مصرية,جامعي,معلمة,انسه,ريفي,نقاب,نعم,45,82,171,1111,جامعي,"['ارمل بدون اولاد', 'اعزب', 'مطلق', 'ارمل له اولاد', 'متزوج']",3,بيت عائله في شقه منفصله
401 نساء,43,70,170,خمريه,مصرية,جامعي,معلمة,انسه,ريفي,خمار,نعم,40,90,180,1111,جامعي,['اعزب'],3,شقه تمليك
402 نساء,27,66,152,خمريه,مصرية,جامعي,معلمة,انسه,متوسط,طرحة,نعم,31,68,171,1110,جامعي,['اعزب'],12,ايجار
404 نساء,28,65,154,قمحيه,مصرية,جامعي,موظفة,انسه,متوسط,نقاب,نعم,30,82,171,1111,جامعي,"['ارمل بدون اولاد', 'اعزب', 'مطلق']",6,ايجار
405 نساء,33,67,165,بيضاء,مصرية,جامعي,موظفة,مطلقه,متوسط,نقاب,نعم,34,82,165,1111,متوسط,"['ارمل بدون اولاد', 'مطلق', 'ارمل له اولاد']",12,شقه تمليك
406 نساء,24,58,161,قمحيه,مصرية,جامعي,معلمة,مطلقه,متوسط,طرحة,غالبا,33,82,171,1111,فوق جامعي,"['ارمل بدون اولاد', 'اعزب', 'مطلق', 'ارمل له اولاد']",6,شقه تمليك
407 نساء,37,70,165,بيضاء,مصرية,متوسط,ربة منزل,انسه,شعبي,طرحة,نعم,40,82,180,1111,فوق جامعي,"['ارمل بدون اولاد', 'اعزب', 'مطلق']",12,شقه تمليك
409 نساء,23,58,168,بيضاء,مصرية,جامعي,طبيبة,انسه,متوسط,طرحة,نعم,29,82,171,1111,فوق جامعي,['اعزب'],6,شقه تمليك
411 نساء,43,88,165,خمريه,مصرية,جامعي,ربة منزل,مطلقه,مرتفع,خمار,غالبا,34,82,165,1111,جامعي,"['متزوج', 'اعزب', 'ارمل له اولاد', 'مطلق', 'ارمل بدون اولاد']",3,شقه تمليك
412 نساء,34,55,157,قمحيه,مصرية,جامعي,معلمة,انسه,متوسط,نقاب,نعم,37,82,171,1111,فوق جامعي,"['ارمل بدون اولاد', 'اعزب', 'مطلق']",6,شقه تمليك
414 نساء,26,60,157,بيضاء,مصرية,جامعي,موظفة,انسه,ريفي,طرحة,نعم,29,75,175,1110,فوق جامعي,['اعزب'],12,شقه تمليك
415 نساء,25,67,152,خمريه,مصرية,متوسط,موظفة,انسه,مرتفع,نقاب,غالبا,25,82,155,1110,جامعي,['اعزب'],6,ايجار
416 نساء,30,53,162,بيضاء,مصرية,جامعي,ربة منزل,انسه,ريفي,طرحة,غالبا,23,70,165,1000,جامعي,['اعزب'],12,ايجار
417 نساء,29,53,155,خمريه,مصرية,فوق جامعي,معلمة,مطلقه,مرتفع,نقاب,غالبا,35,82,170,1111,فوق جامعي,"['ارمل بدون اولاد', 'اعزب', 'مطلق']",6,ايجار
418 نساء,35,73,150,بيضاء,مصرية,فوق جامعي,طبيبة,مطلقه,متوسط,خمار,نعم,38,82,171,1111,فوق جامعي,"['ارمل بدون اولاد', 'اعزب', 'مطلق']",6,شقه تمليك
419 نساء,25,54,167,خمريه,مصرية,جامعي,موظفة,انسه,متوسط,طرحة,غالبا,34,82,171,1111,فوق جامعي,['اعزب'],12,بيت عائله في شقه منفصله
420 نساء,34,73,161,قمحيه,مصرية,جامعي,موظفة,انسه,متوسط,نقاب,غالبا,34,82,171,1111,جامعي,"['ارمل بدون اولاد', 'اعزب', 'مطلق']",12,بيت عائله في شقه منفصله
421 نساء,34,65,160,خمريه,مصرية,جامعي,موظفة,انسه,متوسط,طرحة,نعم,37,82,171,1111,جامعي,"['ارمل بدون اولاد', 'اعزب', 'مطلق']",12,ايجار
422 نساء,32,70,170,بيضاء,مصرية,فوق جامعي,طبيبة,انسه,متوسط,خمار,نعم,35,80,175,1111,جامعي,"['ارمل بدون اولاد', 'اعزب', 'مطلق']",6,بيت عائله في شقه منفصله
423 نساء,25,80,174,خمريه,مصرية,جامعي,موظفة,انسه,متوسط,خمار,نعم,31,82,175,1111,جامعي,['اعزب'],12,شقه تمليك
424 نساء,21,80,161,خمريه,مصرية,جامعي,موظفة,انسه,متوسط,نقاب,نعم,24,75,175,1100,فوق جامعي,['اعزب'],12,شقه تمليك
425 نساء,40,85,165,قمحيه,مصرية,متوسط,موظفة,مطلقه,متوسط,طرحة,نعم,49,82,171,0010,جامعي,"['ارمل بدون اولاد', 'مطلق']",3,ايجار
426 نساء,25,55,155,بيضاء,مصرية,جامعي,موظفة,مطلقه,متوسط,خمار,نعم,35,82,171,0111,جامعي,"['ارمل بدون اولاد', 'مطلق']",6,ايجار
427 نساء,32,67,163,بيضاء,مصرية,جامعي,موظفة,انسه,متوسط,طرحة,نعم,35,82,160,1111,جامعي,['اعزب'],3,حسب الاتفاق
428 نساء,24,65,163,قمحيه,مصرية,جامعي,ربة منزل,انسه,متوسط,نقاب,نعم,28,82,170,1111,فوق جامعي,"['ارمل بدون اولاد', 'اعزب', 'مطلق']",12,ايجار
429 نساء,37,65,170,خمريه,مصرية,جامعي,موظفة,انسه,مرتفع,طرحة,غالبا,43,82,171,1111,فوق جامعي,"['ارمل بدون اولاد', 'اعزب', 'مطلق']",12,ايجار
430 نساء,23,80,169,خمريه,مصرية,جامعي,موظفة,انسه,متوسط,نقاب,نعم,30,82,171,1111,جامعي,['اعزب'],12,شقه تمليك
431 نساء,23,70,167,قمحيه,مصرية,جامعي,موظفة,انسه,متوسط,طرحة,غالبا,28,80,184,0010,فوق جامعي,['اعزب'],12,شقه تمليك
432 نساء,45,65,159,بيضاء,مصرية,فوق جامعي,طبيبة,انسه,مرتفع,طرحة,نعم,48,82,170,1111,فوق جامعي,"['ارمل بدون اولاد', 'اعزب', 'مطلق', 'ارمل له اولاد']",6,شقه تمليك
433 نساء,23,60,160,خمريه,مصرية,جامعي,طبيبة,انسه,مرتفع,خمار,نعم,29,82,160,1111,فوق جامعي,['اعزب'],6,ايجار
434 نساء,36,115,170,قمحيه,مصرية,جامعي,معلمة,مطلقه,متوسط,طرحة,نعم,40,90,180,0011,فوق جامعي,"['متزوج', 'اعزب', 'ارمل له اولاد', 'مطلق', 'ارمل بدون اولاد']",3,شقه تمليك
435 نساء,27,65,165,بيضاء,مصرية,فوق جامعي,ربة منزل,مطلقه,متوسط,خمار,نعم,34,70,170,0100,جامعي,"['ارمل بدون اولاد', 'اعزب', 'مطلق']",6,شقه تمليك
436 نساء,37,70,170,خمريه,مصرية,جامعي,موظفة,انسه,متوسط,طرحة,غالبا,41,82,180,1111,فوق جامعي,"['ارمل بدون اولاد', 'اعزب', 'مطلق']",12,شقه تمليك
437 نساء,29,60,160,بيضاء,مصرية,جامعي,معلمة,انسه,مرتفع,طرحة,نعم,32,90,185,1111,جامعي,['اعزب'],6,بيت عائله في شقه منفصله
438 نساء,22,80,175,بيضاء,مصرية,جامعي,موظفة,انسه,متوسط,طرحة,نعم,27,70,180,0100,جامعي,['اعزب'],12,حسب الاتفاق
439 نساء,27,65,163,خمريه,مصرية,جامعي,موظفة,انسه,متوسط,طرحة,نعم,31,82,170,1111,فوق جامعي,['اعزب'],12,شقه تمليك
440 نساء,32,60,160,خمريه,مصرية,جامعي,طبيبة,انسه,متوسط,طرحة,نعم,34,75,175,1100,فوق جامعي,['اعزب'],6,شقه تمليك
441 نساء,41,75,158,بيضاء,مصرية,جامعي,ربة منزل,مطلقه,متوسط,طرحة,نعم,47,82,177,1111,فوق جامعي,"['متزوج', 'اعزب', 'ارمل له اولاد', 'مطلق', 'ارمل بدون اولاد']",6,ايجار
442 نساء,26,74,168,بيضاء,مصرية,جامعي,موظفة,انسه,متوسط,طرحة,نعم,30,82,171,1110,فوق جامعي,"['ارمل بدون اولاد', 'اعزب', 'مطلق']",12,ايجار
443 نساء,24,65,157,خمريه,مصرية,جامعي,مهندسة,انسه,متوسط,خمار,نعم,29,82,171,1111,جامعي,"['ارمل بدون اولاد', 'اعزب', 'مطلق']",12,شقه تمليك
444 نساء,50,60,162,خمريه,مصرية,جامعي,موظفة,مطلقه,متوسط,طرحة,نعم,55,82,171,1111,جامعي,"['متزوج', 'اعزب', 'ارمل له اولاد', 'مطلق', 'ارمل بدون اولاد']",6,حسب الاتفاق
445 نساء,32,65,163,قمحيه,مصرية,فوق جامعي,موظفة,انسه,متوسط,طرحة,لا,40,82,160,1111,فوق جامعي,"['ارمل بدون اولاد', 'اعزب', 'مطلق']",12,حسب الاتفاق
446 نساء,26,65,165,قمحيه,مصرية,جامعي,مهندسة,انسه,متوسط,طرحة,نعم,32,82,169,1111,فوق جامعي,['اعزب'],12,ايجار
447 نساء,36,70,165,قمحيه,مصرية,فوق جامعي,موظفة,انسه,متوسط,نقاب,نعم,36,82,171,1111,فوق جامعي,"['ارمل بدون اولاد', 'اعزب', 'مطلق']",12,ايجار
448 نساء,28,79,155,قمحيه,مصرية,فوق جامعي,موظفة,انسه,متوسط,خمار,نعم,30,80,165,1111,فوق جامعي,['اعزب'],12,حسب الاتفاق
449 نساء,32,65,165,بيضاء,مصرية,فوق جامعي,موظفة,انسه,متوسط,طرحة,نعم,34,82,171,1111,جامعي,['اعزب'],12,شقه تمليك
450 نساء,28,100,169,خمريه,مصرية,جامعي,موظفة,انسه,مرتفع,طرحة,غالبا,35,82,171,1111,جامعي,['اعزب'],12,شقه تمليك
