code,age,weight,height,color,nationality,education,job,status,area_level,future_resid,maintain_prayer_time,maintain_prayer_masjid,accept_age,accept_weight,accept_height,accept_color,accept_education,accept_status,accept_dress,engage_period
2 رجال,37,90,185,ابيض,مصري,جامعي,موظف,مطلق,متوسط,شقه تمليك,نعم,نعم,33,65,165,1010,جامعي,"['مطلقه بدون اولاد', 'بكر']","['خمار', 'نقاب', 'طرحة']",6
3 رجال,30,70,160,قمحي,مصري,متوسط,تاجر,ارمل,مرتفع,شقه تمليك,نعم,غالبا,24,60,164,1000,متوسط,"['مطلقه بدون اولاد', 'ارمله', 'بكر']","['خمار', 'نقاب', 'طرحة']",3
6 رجال,30,95,170,قمحي,مصري,جامعي,إمام,اعزب,متوسط,حسب الاتفاق,غالبا,غالبا,22,130,170,1011,جامعي,"['مطلقه بدون اولاد', 'ارمله', 'بكر']","['خمار', 'نقاب', 'طرحة']",3
9 رجال,27,65,177,قمحي,مصري,متوسط,موظف,اعزب,متوسط,شقه تمليك,نعم,نعم,30,70,160,1111,متوسط,['ارمله'],['نقاب'],6
11 رجال,42,70,172,قمحي,مصري,فوق جامعي,مدير,اعزب,متوسط,شقه تمليك,نعم,نعم,32,75,177,1010,جامعي,['ارمله'],['نقاب'],12
4 رجال,42,72,165,قمحي,مصري,جامعي,إمام,متزوج,مرتفع,شقه تمليك,نعم,نعم,25,68,170,1000,جامعي,"['مطلقه بدون اولاد', 'ارمله', 'بكر']",['نقاب'],3
5 رجال,44,85,176,ابيض,مصري,جامعي,مدرس,متزوج,متوسط,شقه تمليك,نعم,نعم,28,60,160,1111,جامعي,"['مطلقه بدون اولاد', 'ارمله', 'بكر']","['خمار', 'نقاب']",3
12 رجال,42,75,175,قمحي,مصري,فوق جامعي,محاسب,اعزب,متوسط,شقه تمليك,نعم,غالبا,28,68,164,1111,جامعي,['ارمله'],"['خمار', 'نقاب']",6
13 رجال,37,75,167,ابيض,مصري,فوق جامعي,مدرس,اعزب,متوسط,بيت عائله,نعم,غالبا,23,67,160,1000,جامعي,['ارمله'],['نقاب'],3
14 رجال,35,85,177,قمحي,مصري,جامعي,إمام,متزوج,متوسط,شقه تمليك,نعم,نعم,25,67,170,1000,جامعي,"['مطلقه بدون اولاد', 'ارمله', 'بكر']","['خمار', 'نقاب']",3
16 رجال,26,70,170,ابيض,مصري,متوسط,موظف,اعزب,مرتفع,شقه تمليك,غالبا,غالبا,20,68,164,1111,متوسط,"['مطلقه لهااولاد', 'ارمله', 'بكر', 'مطلقه بدون اولاد']",['طرحة'],6
26 رجال,27,59,170,قمحي,مصري,فوق جامعي,موظف,اعزب,متوسط,حسب الاتفاق,نعم,غالبا,23,65,150,1000,فوق جامعي,['ارمله'],"['خمار', 'نقاب']",12
30 رجال,33,75,170,قمحي,مصري,فوق جامعي,إمام,مطلق,شعبي,شقه تمليك,نعم,نعم,23,70,162,1111,جامعي,"['مطلقه بدون اولاد', 'بكر']",['نقاب'],3
32 رجال,33,75,170,قمحي,مصري,فوق جامعي,إمام,مطلق,متوسط,شقه تمليك,نعم,نعم,23,60,162,1111,جامعي,"['مطلقه بدون اولاد', 'بكر']",['نقاب'],3
38 رجال,28,102,184,ابيض,مصري,فوق جامعي,مدرس,اعزب,متوسط,شقه تمليك,نعم,نعم,24,70,175,1000,جامعي,['ارمله'],['طرحة'],3
54 رجال,24,92,180,ابيض,مصري,جامعي,مهندس,اعزب,متوسط,حسب الاتفاق,نعم,غالبا,22,70,167,1000,فوق جامعي,['ارمله'],['خمار'],6
56 رجال,25,88,165,قمحي,مصري,فوق جامعي,مدير,اعزب,متوسط,حسب الاتفاق,نعم,نعم,21,59,161,1111,متوسط,['ارمله'],['نقاب'],12
59 رجال,30,78,173,ابيض,مصري,جامعي,موظف,مطلق,شعبي,شقه تمليك,نعم,نعم,25,68,164,1010,جامعي,"['مطلقه بدون اولاد', 'ارمله', 'بكر']","['خمار', 'نقاب']",12
68 رجال,39,105,173,قمحي,مصري,جامعي,مدير,اعزب,مرتفع,شقه تمليك,نعم,نعم,30,65,160,1000,جامعي,"['مطلقه لهااولاد', 'ارمله', 'بكر', 'مطلقه بدون اولاد']",['نقاب'],3
78 رجال,23,95,170,ابيض,مصري,فوق جامعي,مدرس,اعزب,متوسط,بيت عائله,نعم,نعم,20,65,170,1000,فوق جامعي,['ارمله'],['خمار'],6
79 رجال,32,90,190,قمحي,مصري,جامعي,موظف,اعزب,متوسط,شقه تمليك,نعم,نعم,28,68,170,1010,جامعي,['ارمله'],['طرحة'],12
85 رجال,29,80,173,ابيض,مصري,متوسط,مدرس,اعزب,متوسط,بيت عائله,نعم,نعم,21,68,164,1000,جامعي,['ارمله'],['نقاب'],6
90 رجال,29,76,178,قمحي,مصري,جامعي,محاسب,اعزب,شعبي,شقه تمليك,نعم,لا,25,68,165,1010,جامعي,['ارمله'],"['خمار', 'نقاب']",12
91 رجال,26,70,165,قمحي,مصري,جامعي,محاسب,اعزب,شعبي,شقه تمليك,نعم,غالبا,21,65,160,1000,جامعي,['ارمله'],['خمار'],12
92 رجال,32,75,177,قمحي,مصري,فوق جامعي,موظف,مطلق,متوسط,بيت عائله,نعم,لا,27,55,155,1000,جامعي,['ارمله'],"['خمار', 'طرحة']",3
94 رجال,51,92,186,قمحي,مصري,جامعي,تاجر,مطلق,متوسط,شقه تمليك,نعم,نعم,40,68,165,1010,فوق جامعي,"['مطلقه بدون اولاد', 'ارمله', 'بكر']","['خمار', 'نقاب', 'طرحة']",3
95 رجال,20,65,167,قمحي,مصري,جامعي,موظف,اعزب,متوسط,بيت عائله,نعم,غالبا,22,70,172,1010,متوسط,['ارمله'],"['خمار', 'نقاب', 'طرحة']",12
7 رجال,42,80,176,قمحي,مصري,فوق جامعي,مدير,متزوج,متوسط,حسب الاتفاق,نعم,نعم,30,68,164,1000,فوق جامعي,"['مطلقه بدون اولاد', 'ارمله', 'بكر', 'مطلقه لهااولاد']","['خمار', 'نقاب']",3
8 رجال,37,85,186,قمحي,مصري,متوسط,مهندس,متزوج,متوسط,حسب الاتفاق,نعم,نعم,37,75,175,1111,جامعي,"['مطلقه بدون اولاد', 'ارمله', 'بكر']","['خمار', 'نقاب']",6
10 رجال,40,90,170,قمحي,مصري,متوسط,أعمال حرة,مطلق,متوسط,حسب الاتفاق,نعم,نعم,33,68,164,1111,متوسط,"['مطلقه لهااولاد', 'ارمله', 'بكر', 'مطلقه بدون اولاد']","['خمار', 'نقاب']",6
15 رجال,35,80,170,قمحي,مصري,جامعي,تاجر,متزوج,متوسط,حسب الاتفاق,غالبا,غالبا,35,80,165,1111,جامعي,"['مطلقه بدون اولاد', 'ارمله', 'بكر']","['خمار', 'نقاب', 'طرحة']",3
17 رجال,25,75,175,ابيض,مصري,فوق جامعي,موظف,اعزب,متوسط,بيت عائله,نعم,نعم,22,65,160,1000,جامعي,"['مطلقه لهااولاد', 'ارمله', 'بكر', 'مطلقه بدون اولاد']",['نقاب'],6
18 رجال,29,70,167,ابيض,مصري,فوق جامعي,موظف,اعزب,متوسط,شقه تمليك,نعم,نعم,23,80,170,1010,فوق جامعي,['ارمله'],"['خمار', 'نقاب']",6
19 رجال,26,70,168,ابيض,مصري,فوق جامعي,إمام,اعزب,مرتفع,شقه تمليك,غالبا,نعم,22,65,170,1000,جامعي,['ارمله'],['خمار'],6
21 رجال,36,90,180,قمحي,مصري,متوسط,مدير,متزوج,متوسط,شقه تمليك,نعم,نعم,27,67,160,1000,جامعي,"['مطلقه لهااولاد', 'ارمله', 'بكر', 'مطلقه بدون اولاد']","['خمار', 'نقاب']",3
22 رجال,48,95,175,قمحي,مصري,جامعي,موظف,مطلق,متوسط,حسب الاتفاق,نعم,نعم,37,80,150,1111,جامعي,"['مطلقه بدون اولاد', 'ارمله', 'بكر']","['خمار', 'طرحة']",6
23 رجال,65,92,180,قمحي,مصري,متوسط,مدير,متزوج,متوسط,شقه تمليك,نعم,غالبا,34,65,165,1000,متوسط,"['مطلقه بدون اولاد', 'ارمله', 'بكر']",['نقاب'],3
24 رجال,26,70,168,ابيض,مصري,فوق جامعي,إمام,اعزب,متوسط,شقه تمليك,نعم,نعم,22,65,165,1000,جامعي,['ارمله'],['خمار'],6
25 رجال,25,75,170,ابيض,مصري,جامعي,محاسب,اعزب,متوسط,شقه تمليك,نعم,نعم,21,68,164,1000,جامعي,['ارمله'],"['خمار', 'نقاب']",12
28 رجال,35,84,180,ابيض,مصري,فوق جامعي,مدير,اعزب,متوسط,حسب الاتفاق,نعم,نعم,23,68,164,1000,متوسط,['ارمله'],['طرحة'],6
29 رجال,22,63,171,قمحي,مصري,جامعي,إمام,اعزب,شعبي,بيت عائله,نعم,نعم,28,60,165,1000,متوسط,['ارمله'],['خمار'],12
31 رجال,40,92,178,ابيض,مصري,متوسط,أعمال حرة,متزوج,متوسط,شقه تمليك,غالبا,غالبا,33,68,170,1000,جامعي,"['مطلقه بدون اولاد', 'ارمله', 'بكر']","['خمار', 'نقاب', 'طرحة']",3
33 رجال,34,94,184,قمحي,مصري,فوق جامعي,موظف,اعزب,متوسط,حسب الاتفاق,نعم,غالبا,27,63,163,1010,متوسط,"['مطلقه لهااولاد', 'ارمله', 'بكر', 'مطلقه بدون اولاد']","['خمار', 'نقاب', 'طرحة']",3
34 رجال,37,75,175,قمحي,مصري,متوسط,موظف,مطلق,متوسط,شقه تمليك,نعم,نعم,30,50,168,0010,متوسط,['ارمله'],['خمار'],6
35 رجال,49,97,187,قمحي,مصري,جامعي,موظف,متزوج,متوسط,حسب الاتفاق,نعم,نعم,36,68,164,1010,متوسط,"['مطلقه بدون اولاد', 'ارمله', 'بكر']","['خمار', 'نقاب']",3
36 رجال,26,57,165,ابيض,مصري,جامعي,موظف,اعزب,شعبي,شقه تمليك,نعم,نعم,21,65,165,1000,فوق جامعي,['ارمله'],"['خمار', 'نقاب']",6
37 رجال,33,80,178,قمحي,مصري,جامعي,مندوب,مطلق,شعبي,شقه تمليك,نعم,نعم,29,57,165,1000,جامعي,"['مطلقه بدون اولاد', 'ارمله', 'بكر', 'مطلقه لهااولاد']",['نقاب'],12
39 رجال,27,80,177,قمحي,مصري,جامعي,موظف,اعزب,متوسط,بيت عائله,نعم,نعم,22,70,160,1000,متوسط,['ارمله'],['نقاب'],3
40 رجال,35,90,177,قمحي,مصري,جامعي,مدير,مطلق,مرتفع,حسب الاتفاق,نعم,نعم,28,60,165,1010,فوق جامعي,"['مطلقه بدون اولاد', 'ارمله', 'بكر']","['خمار', 'نقاب', 'طرحة']",12
41 رجال,24,65,175,ابيض,مصري,جامعي,مهندس,اعزب,متوسط,شقه تمليك,نعم,غالبا,22,65,170,1000,جامعي,['ارمله'],"['خمار', 'نقاب']",6
42 رجال,27,75,173,ابيض,مصري,جامعي,محاسب,اعزب,شعبي,شقه تمليك,نعم,نعم,22,62,165,1000,جامعي,['ارمله'],['طرحة'],6
44 رجال,35,85,165,ابيض,مصري,جامعي,إمام,متزوج,متوسط,شقه تمليك,نعم,نعم,30,75,160,0010,متوسط,"['مطلقه بدون اولاد', 'بكر']",['خمار'],6
45 رجال,27,75,180,قمحي,مصري,جامعي,موظف,اعزب,متوسط,شقه تمليك,نعم,نعم,20,70,170,1000,جامعي,"['مطلقه بدون اولاد', 'ارمله', 'بكر', 'مطلقه لهااولاد']","['خمار', 'نقاب', 'طرحة']",12
46 رجال,28,65,172,ابيض,مصري,فوق جامعي,مدرس,مطلق,متوسط,بيت عائله,نعم,نعم,24,68,164,1000,فوق جامعي,['ارمله'],"['خمار', 'نقاب', 'طرحة']",6
47 رجال,35,70,185,قمحي,مصري,جامعي,موظف,اعزب,متوسط,بيت عائله,نعم,نعم,30,72,164,1010,فوق جامعي,['ارمله'],"['خمار', 'طرحة']",12
48 رجال,40,80,160,قمحي,مصري,جامعي,مدير,متزوج,متوسط,شقه تمليك,نعم,نعم,35,80,160,0010,جامعي,"['مطلقه بدون اولاد', 'بكر']",['نقاب'],6
49 رجال,21,70,183,قمحي,مصري,جامعي,إمام,اعزب,شعبي,بيت عائله,نعم,نعم,21,68,164,1111,متوسط,['ارمله'],"['خمار', 'نقاب', 'طرحة']",12
50 رجال,27,69,166,قمحي,مصري,جامعي,مهندس,اعزب,متوسط,بيت عائله,نعم,غالبا,23,70,162,1000,جامعي,['ارمله'],"['خمار', 'نقاب']",12
51 رجال,39,90,173,قمحي,مصري,جامعي,مدير,متزوج,متوسط,شقه تمليك,نعم,نعم,30,80,164,1010,جامعي,"['مطلقه بدون اولاد', 'ارمله', 'بكر']",['نقاب'],6
52 رجال,34,70,165,قمحي,مصري,جامعي,محاسب,متزوج,متوسط,حسب الاتفاق,نعم,نعم,26,68,165,1111,متوسط,"['مطلقه لهااولاد', 'ارمله', 'بكر', 'مطلقه بدون اولاد']",['نقاب'],6
55 رجال,33,95,178,ابيض,مصري,جامعي,مدير,اعزب,متوسط,شقه تمليك,نعم,نعم,27,65,175,1010,متوسط,['ارمله'],"['خمار', 'نقاب', 'طرحة']",3
57 رجال,20,115,173,قمحي,مصري,جامعي,موظف,اعزب,متوسط,بيت عائله,غالبا,غالبا,20,115,164,0010,جامعي,"['مطلقه لهااولاد', 'ارمله', 'بكر', 'مطلقه بدون اولاد']",['طرحة'],12
58 رجال,33,75,176,ابيض,مصري,جامعي,أعمال حرة,متزوج,متوسط,بيت عائله,نعم,غالبا,27,65,165,1010,فوق جامعي,"['مطلقه بدون اولاد', 'ارمله', 'بكر']","['خمار', 'نقاب', 'طرحة']",6
60 رجال,21,60,185,ابيض,مصري,جامعي,موظف,اعزب,متوسط,بيت عائله,نعم,غالبا,27,70,170,1010,فوق جامعي,"['مطلقه بدون اولاد', 'ارمله', 'بكر']","['خمار', 'نقاب', 'طرحة']",6
61 رجال,33,63,173,قمحي,مصري,جامعي,مدرس,متزوج,متوسط,شقه تمليك,نعم,نعم,27,70,164,1000,جامعي,"['مطلقه بدون اولاد', 'ارمله', 'بكر']",['خمار'],12
62 رجال,25,59,179,ابيض,مصري,جامعي,مهندس,اعزب,متوسط,بيت عائله,نعم,نعم,20,70,159,1000,متوسط,['ارمله'],"['خمار', 'طرحة']",6
63 رجال,52,105,176,ابيض,مصري,جامعي,موظف,متزوج,مرتفع,حسب الاتفاق,نعم,غالبا,30,65,165,1111,فوق جامعي,"['مطلقه بدون اولاد', 'ارمله', 'بكر']","['خمار', 'نقاب', 'طرحة']",6
64 رجال,46,115,183,ابيض,مصري,فوق جامعي,مدير,متزوج,متوسط,حسب الاتفاق,نعم,نعم,39,65,170,1000,جامعي,"['مطلقه بدون اولاد', 'ارمله', 'بكر', 'مطلقه لهااولاد']",['نقاب'],3
65 رجال,33,130,188,ابيض,مصري,جامعي,إمام,متزوج,متوسط,حسب الاتفاق,نعم,نعم,27,75,175,1000,متوسط,"['مطلقه بدون اولاد', 'ارمله', 'بكر']",['نقاب'],12
66 رجال,34,95,176,ابيض,مصري,جامعي,مهندس,مطلق,متوسط,شقه تمليك,غالبا,غالبا,27,68,166,1000,جامعي,['ارمله'],"['خمار', 'نقاب', 'طرحة']",6
67 رجال,45,75,166,قمحي,مصري,فوق جامعي,مدرس,مطلق,متوسط,حسب الاتفاق,نعم,نعم,31,68,162,1010,فوق جامعي,"['مطلقه بدون اولاد', 'ارمله', 'بكر', 'مطلقه لهااولاد']","['خمار', 'نقاب', 'طرحة']",3
69 رجال,35,95,185,قمحي,مصري,جامعي,مدير,اعزب,متوسط,شقه تمليك,نعم,نعم,33,85,180,1010,فوق جامعي,"['مطلقه بدون اولاد', 'ارمله', 'بكر']","['خمار', 'نقاب', 'طرحة']",3
70 رجال,29,70,170,قمحي,مصري,جامعي,محاسب,اعزب,متوسط,شقه تمليك,نعم,نعم,24,68,164,1010,جامعي,['ارمله'],['نقاب'],12
72 رجال,35,96,184,قمحي,مصري,جامعي,مدرس,متزوج,متوسط,شقه تمليك,نعم,نعم,26,60,165,1000,جامعي,"['مطلقه بدون اولاد', 'ارمله', 'بكر']","['خمار', 'نقاب']",6
73 رجال,25,79,160,قمحي,مصري,جامعي,موظف,اعزب,شعبي,حسب الاتفاق,نعم,نعم,21,70,160,1010,متوسط,['ارمله'],"['خمار', 'نقاب', 'طرحة']",12
74 رجال,29,100,175,ابيض,مصري,فوق جامعي,موظف,اعزب,متوسط,شقه تمليك,نعم,نعم,23,70,175,1000,متوسط,['ارمله'],['خمار'],3
75 رجال,40,95,170,ابيض,مصري,متوسط,تاجر,مطلق,متوسط,حسب الاتفاق,نعم,نعم,34,70,155,1010,جامعي,"['مطلقه بدون اولاد', 'ارمله', 'بكر']","['خمار', 'نقاب']",6
76 رجال,45,90,178,ابيض,مصري,جامعي,موظف,مطلق,متوسط,بيت عائله,نعم,نعم,30,70,165,1011,جامعي,"['بكر', 'مطلقه لهااولاد']","['خمار', 'نقاب']",6
77 رجال,37,77,178,قمحي,مصري,جامعي,موظف,اعزب,شعبي,بيت عائله,غالبا,نعم,27,60,170,1000,جامعي,['ارمله'],['نقاب'],6
80 رجال,34,90,180,قمحي,مصري,فوق جامعي,موظف,متزوج,متوسط,حسب الاتفاق,نعم,نعم,25,70,175,1010,جامعي,"['مطلقه بدون اولاد', 'بكر']","['خمار', 'نقاب', 'طرحة']",6
81 رجال,31,80,165,قمحي,مصري,متوسط,موظف,اعزب,متوسط,بيت عائله,نعم,نعم,28,70,160,1000,جامعي,['ارمله'],['نقاب'],3
82 رجال,31,90,184,قمحي,مصري,جامعي,محاسب,اعزب,متوسط,بيت عائله,نعم,غالبا,23,62,171,1010,متوسط,['ارمله'],"['خمار', 'نقاب', 'طرحة']",6
83 رجال,46,85,178,قمحي,مصري,جامعي,مدرس,مطلق,متوسط,شقه تمليك,نعم,غالبا,35,68,158,1010,متوسط,"['مطلقه بدون اولاد', 'ارمله', 'بكر']","['خمار', 'نقاب', 'طرحة']",3
86 رجال,23,68,165,ابيض,مصري,جامعي,إمام,اعزب,شعبي,بيت عائله,غالبا,غالبا,21,65,155,1000,جامعي,['ارمله'],"['خمار', 'نقاب']",12
87 رجال,34,80,170,قمحي,مصري,جامعي,مدرس,اعزب,متوسط,شقه تمليك,نعم,نعم,27,80,164,1010,فوق جامعي,"['مطلقه بدون اولاد', 'ارمله', 'بكر']","['خمار', 'نقاب', 'طرحة']",6
88 رجال,29,71,176,ابيض,مصري,جامعي,محاسب,اعزب,متوسط,بيت عائله,نعم,نعم,21,57,172,1010,جامعي,['ارمله'],['نقاب'],3
89 رجال,30,85,180,قمحي,مصري,فوق جامعي,موظف,اعزب,متوسط,شقه تمليك,نعم,نعم,25,70,160,1000,فوق جامعي,"['مطلقه لهااولاد', 'ارمله', 'بكر', 'مطلقه بدون اولاد']","['خمار', 'نقاب', 'طرحة']",6
96 رجال,26,75,175,ابيض,مصري,فوق جامعي,موظف,متزوج,متوسط,شقه تمليك,نعم,نعم,21,62,160,1111,فوق جامعي,"['مطلقه بدون اولاد', 'ارمله', 'بكر']",['نقاب'],6
98 رجال,42,94,178,قمحي,مصري,متوسط,موظف,اعزب,متوسط,شقه تمليك,نعم,نعم,28,75,160,1010,متوسط,"['مطلقه بدون اولاد', 'ارمله', 'بكر']","['خمار', 'نقاب']",6
99 رجال,37,92,173,قمحي,مصري,جامعي,محاسب,متزوج,متوسط,حسب الاتفاق,نعم,نعم,33,67,160,1111,متوسط,"['مطلقه لهااولاد', 'ارمله', 'بكر', 'مطلقه بدون اولاد']","['خمار', 'نقاب', 'طرحة']",6
100 رجال,45,90,175,قمحي,مصري,جامعي,مهندس,مطلق,متوسط,شقه تمليك,نعم,غالبا,33,70,164,1000,جامعي,"['مطلقه لهااولاد', 'ارمله', 'بكر', 'مطلقه بدون اولاد']",['طرحة'],3
101 رجال,36,70,173,قمحي,مصري,متوسط,أعمال حرة,متزوج,شعبي,بيت عائله,نعم,نعم,32,75,160,1111,متوسط,"['مطلقه لهااولاد', 'ارمله', 'بكر', 'مطلقه بدون اولاد']",['خمار'],12
102 رجال,35,70,165,قمحي,مصري,جامعي,محاسب,متزوج,متوسط,حسب الاتفاق,نعم,نعم,28,80,170,1111,متوسط,"['مطلقه لهااولاد', 'ارمله', 'بكر', 'مطلقه بدون اولاد']",['نقاب'],6
103 رجال,32,75,175,ابيض,مصري,فوق جامعي,موظف,ارمل,متوسط,بيت عائله,نعم,نعم,29,65,164,1010,جامعي,['ارمله'],"['خمار', 'نقاب']",3
104 رجال,54,95,178,قمحي,مصري,جامعي,محاسب,مطلق,متوسط,حسب الاتفاق,نعم,نعم,41,65,164,1010,فوق جامعي,"['مطلقه بدون اولاد', 'ارمله', 'بكر']","['خمار', 'نقاب', 'طرحة']",12
105 رجال,57,75,171,قمحي,مصري,متوسط,موظف,ارمل,مرتفع,شقه تمليك,نعم,نعم,38,70,150,1010,فوق جامعي,['ارمله'],"['خمار', 'طرحة']",3
106 رجال,59,95,184,قمحي,مصري,جامعي,مدير,مطلق,متوسط,شقه تمليك,نعم,نعم,28,85,170,1000,جامعي,['ارمله'],['نقاب'],3
107 رجال,27,78,175,قمحي,مصري,جامعي,مهندس,مطلق,متوسط,بيت عائله,نعم,نعم,22,62,162,1110,فوق جامعي,['ارمله'],['نقاب'],6
108 رجال,45,77,167,خمري,مصري,جامعي,مدير,مطلق,مرتفع,شقه تمليك,نعم,غالبا,38,68,164,1110,جامعي,"['مطلقه بدون اولاد', 'ارمله', 'بكر']","['خمار', 'نقاب', 'طرحة']",3
109 رجال,33,75,168,قمحي,مصري,جامعي,موظف,اعزب,شعبي,حسب الاتفاق,نعم,نعم,24,62,160,1110,فوق جامعي,['ارمله'],"['خمار', 'نقاب']",6
110 رجال,44,77,170,قمحي,مصري,جامعي,مدير,متزوج,مرتفع,حسب الاتفاق,نعم,نعم,35,62,165,1110,فوق جامعي,"['مطلقه بدون اولاد', 'ارمله', 'بكر', 'مطلقه لهااولاد']","['خمار', 'نقاب']",3
111 رجال,35,96,184,قمحي,مصري,فوق جامعي,مدرس,متزوج,شعبي,شقه تمليك,غالبا,نعم,28,68,170,1000,متوسط,"['مطلقه لهااولاد', 'ارمله', 'بكر', 'مطلقه بدون اولاد']","['خمار', 'نقاب']",6
112 رجال,35,84,174,خمري,مصري,جامعي,مهندس,مطلق,مرتفع,حسب الاتفاق,نعم,غالبا,25,57,160,1100,فوق جامعي,['ارمله'],['نقاب'],12
113 رجال,48,85,185,ابيض,مصري,متوسط,موظف,مطلق,مرتفع,شقه تمليك,نعم,نعم,47,80,175,1000,متوسط,"['مطلقه بدون اولاد', 'ارمله', 'بكر']","['خمار', 'نقاب']",3
114 رجال,41,80,170,ابيض,مصري,جامعي,تاجر,متزوج,متوسط,حسب الاتفاق,نعم,نعم,40,80,170,1000,فوق جامعي,"['مطلقه لهااولاد', 'ارمله', 'بكر', 'مطلقه بدون اولاد']",['نقاب'],6
115 رجال,36,80,165,قمحي,مصري,جامعي,محاسب,مطلق,شعبي,بيت عائله,نعم,نعم,25,90,160,1110,فوق جامعي,"['مطلقه بدون اولاد', 'ارمله', 'بكر']",['نقاب'],6
116 رجال,49,70,175,قمحي,مصري,جامعي,مهندس,مطلق,متوسط,شقه تمليك,نعم,نعم,35,70,165,1110,جامعي,"['مطلقه بدون اولاد', 'ارمله', 'بكر', 'مطلقه لهااولاد']",['نقاب'],6
117 رجال,28,65,160,ابيض,مصري,متوسط,موظف,مطلق,شعبي,حسب الاتفاق,نعم,نعم,24,90,160,1111,متوسط,"['مطلقه لهااولاد', 'ارمله', 'بكر', 'مطلقه بدون اولاد']","['خمار', 'نقاب', 'طرحة']",3
118 رجال,37,110,180,ابيض,مصري,فوق جامعي,مدير,متزوج,متوسط,شقه تمليك,نعم,نعم,29,75,165,1100,فوق جامعي,"['مطلقه لهااولاد', 'ارمله', 'بكر', 'مطلقه بدون اولاد']","['خمار', 'نقاب', 'طرحة']",3
120 رجال,26,87,188,خمري,مصري,فوق جامعي,موظف,اعزب,متوسط,بيت عائله,نعم,غالبا,23,70,164,1111,فوق جامعي,['ارمله'],"['خمار', 'نقاب', 'طرحة']",12
121 رجال,30,60,160,ابيض,مصري,جامعي,موظف,مطلق,مرتفع,بيت عائله,نعم,نعم,28,68,157,1010,جامعي,"['مطلقه لهااولاد', 'ارمله', 'بكر', 'مطلقه بدون اولاد']","['خمار', 'نقاب']",3
122 رجال,33,100,170,قمحي,مصري,جامعي,مهندس,اعزب,مرتفع,بيت عائله,غالبا,لا,26,68,164,1111,فوق جامعي,['ارمله'],"['خمار', 'طرحة']",6
123 رجال,33,73,159,قمحي,مصري,جامعي,محاسب,متزوج,متوسط,حسب الاتفاق,نعم,نعم,25,60,160,1111,جامعي,['ارمله'],"['خمار', 'نقاب']",6
124 رجال,63,90,173,خمري,مصري,متوسط,موظف,مطلق,متوسط,حسب الاتفاق,نعم,نعم,50,68,164,1111,متوسط,"['مطلقه بدون اولاد', 'بكر']",['خمار'],3
125 رجال,27,67,175,قمحي,مصري,جامعي,موظف,مطلق,متوسط,شقه تمليك,نعم,نعم,26,68,165,1000,جامعي,['ارمله'],['طرحة'],6
126 رجال,36,73,163,خمري,مصري,جامعي,إمام,متزوج,متوسط,حسب الاتفاق,نعم,نعم,28,63,164,1000,جامعي,"['مطلقه بدون اولاد', 'بكر']",['نقاب'],12
127 رجال,42,80,175,قمحي,مصري,متوسط,تاجر,مطلق,متوسط,بيت عائله,نعم,غالبا,31,65,165,1000,متوسط,"['مطلقه بدون اولاد', 'ارمله', 'بكر']","['خمار', 'نقاب']",3
128 رجال,36,95,189,قمحي,مصري,متوسط,مدير,متزوج,متوسط,حسب الاتفاق,نعم,غالبا,28,67,167,1000,جامعي,"['مطلقه بدون اولاد', 'بكر']",['نقاب'],3
130 رجال,22,65,173,قمحي,مصري,جامعي,أعمال حرة,اعزب,متوسط,شقه تمليك,غالبا,غالبا,20,52,157,1000,جامعي,['ارمله'],"['خمار', 'نقاب']",12
131 رجال,37,80,168,ابيض,مصري,جامعي,محاسب,مطلق,متوسط,شقه تمليك,نعم,نعم,28,50,160,1000,جامعي,"['مطلقه بدون اولاد', 'ارمله', 'بكر']","['خمار', 'نقاب', 'طرحة']",3
133 رجال,31,84,170,خمري,مصري,فوق جامعي,مدرس,اعزب,متوسط,حسب الاتفاق,غالبا,غالبا,24,57,155,1111,جامعي,['ارمله'],['نقاب'],3
134 رجال,43,74,175,قمحي,مصري,متوسط,موظف,مطلق,متوسط,شقه تمليك,نعم,نعم,35,65,165,1111,متوسط,"['مطلقه بدون اولاد', 'بكر']",['نقاب'],3
135 رجال,50,80,183,خمري,مصري,جامعي,موظف,متزوج,شعبي,حسب الاتفاق,نعم,نعم,45,70,180,1111,متوسط,"['مطلقه لهااولاد', 'ارمله', 'بكر', 'مطلقه بدون اولاد']",['نقاب'],3
137 رجال,23,74,173,قمحي,مصري,جامعي,مهندس,اعزب,متوسط,شقه تمليك,نعم,نعم,23,68,165,1000,جامعي,['ارمله'],['طرحة'],12
138 رجال,35,93,180,قمحي,مصري,جامعي,موظف,اعزب,متوسط,شقه تمليك,نعم,غالبا,23,67,167,1000,فوق جامعي,"['مطلقه بدون اولاد', 'ارمله', 'بكر', 'مطلقه لهااولاد']","['خمار', 'نقاب', 'طرحة']",3
139 رجال,50,90,175,ابيض,مصري,فوق جامعي,مدرس,متزوج,متوسط,شقه تمليك,نعم,نعم,35,68,164,1010,متوسط,"['مطلقه بدون اولاد', 'ارمله', 'بكر']","['خمار', 'طرحة']",3
140 رجال,36,103,175,قمحي,مصري,جامعي,موظف,متزوج,متوسط,حسب الاتفاق,نعم,غالبا,28,85,165,1000,جامعي,"['مطلقه بدون اولاد', 'ارمله', 'بكر']","['خمار', 'نقاب', 'طرحة']",12
141 رجال,36,65,165,ابيض,مصري,جامعي,مدرس,متزوج,متوسط,شقه تمليك,نعم,نعم,25,67,165,1100,فوق جامعي,"['مطلقه بدون اولاد', 'ارمله', 'بكر']","['خمار', 'طرحة']",3
142 رجال,26,60,178,قمحي,مصري,جامعي,موظف,اعزب,متوسط,بيت عائله,نعم,غالبا,24,72,170,1000,جامعي,['ارمله'],"['خمار', 'نقاب', 'طرحة']",12
143 رجال,43,72,175,خمري,مصري,متوسط,موظف,مطلق,شعبي,شقه تمليك,نعم,نعم,35,60,160,1000,متوسط,"['مطلقه بدون اولاد', 'بكر']",['خمار'],3
144 رجال,26,70,173,ابيض,مصري,جامعي,موظف,اعزب,متوسط,بيت عائله,نعم,نعم,22,70,150,1000,جامعي,['ارمله'],['خمار'],3
145 رجال,32,80,180,خمري,مصري,جامعي,موظف,متزوج,متوسط,حسب الاتفاق,نعم,غالبا,30,65,165,1100,جامعي,"['مطلقه بدون اولاد', 'ارمله', 'بكر']","['خمار', 'نقاب', 'طرحة']",3
146 رجال,42,85,168,قمحي,مصري,متوسط,مدير,مطلق,شعبي,شقه تمليك,نعم,لا,40,100,170,1000,متوسط,"['مطلقه بدون اولاد', 'ارمله', 'بكر']","['خمار', 'نقاب']",3
147 رجال,33,72,175,قمحي,مصري,جامعي,موظف,اعزب,متوسط,شقه تمليك,غالبا,لا,27,70,168,1100,فوق جامعي,"['مطلقه بدون اولاد', 'ارمله', 'بكر']","['خمار', 'طرحة']",3
148 رجال,35,75,178,خمري,مصري,متوسط,مندوب,اعزب,متوسط,شقه تمليك,نعم,نعم,26,60,155,1000,جامعي,['ارمله'],"['خمار', 'نقاب']",3
150 رجال,35,68,170,ابيض,مصري,فوق جامعي,مهندس,اعزب,متوسط,شقه تمليك,نعم,نعم,25,55,157,1000,جامعي,['ارمله'],['نقاب'],3
151 رجال,30,70,176,ابيض,مصري,جامعي,مهندس,اعزب,متوسط,بيت عائله,نعم,غالبا,23,60,162,1000,فوق جامعي,['ارمله'],"['خمار', 'نقاب', 'طرحة']",12
152 رجال,35,65,158,قمحي,مصري,جامعي,موظف,مطلق,متوسط,حسب الاتفاق,نعم,غالبا,30,55,160,1000,جامعي,"['مطلقه بدون اولاد', 'ارمله', 'بكر']",['طرحة'],3
153 رجال,44,75,172,ابيض,مصري,فوق جامعي,مدرس,متزوج,متوسط,حسب الاتفاق,نعم,غالبا,37,70,172,1000,متوسط,"['مطلقه بدون اولاد', 'بكر']","['خمار', 'نقاب']",3
154 رجال,22,75,180,ابيض,مصري,جامعي,موظف,اعزب,متوسط,شقه تمليك,نعم,نعم,21,65,170,1000,جامعي,['ارمله'],['نقاب'],12
155 رجال,26,71,165,قمحي,مصري,متوسط,إمام,اعزب,متوسط,شقه تمليك,نعم,نعم,23,60,160,1000,متوسط,['ارمله'],['نقاب'],3
156 رجال,26,71,165,قمحي,مصري,متوسط,أعمال حرة,اعزب,متوسط,بيت عائله,نعم,نعم,23,60,165,1000,متوسط,['ارمله'],['نقاب'],3
157 رجال,29,65,176,خمري,مصري,جامعي,مدرس,اعزب,متوسط,شقه تمليك,نعم,غالبا,23,65,170,1000,جامعي,['ارمله'],"['خمار', 'نقاب', 'طرحة']",12
158 رجال,40,80,170,قمحي,مصري,جامعي,موظف,متزوج,شعبي,حسب الاتفاق,نعم,غالبا,35,80,170,1000,جامعي,"['مطلقه لهااولاد', 'ارمله', 'بكر', 'مطلقه بدون اولاد']","['خمار', 'نقاب', 'طرحة']",3
159 رجال,27,65,180,قمحي,مصري,جامعي,مهندس,اعزب,متوسط,حسب الاتفاق,غالبا,غالبا,24,65,165,1000,جامعي,['ارمله'],['طرحة'],12
160 رجال,33,65,175,ابيض,مصري,جامعي,محاسب,اعزب,شعبي,بيت عائله,نعم,نعم,23,75,169,1000,جامعي,['ارمله'],"['خمار', 'نقاب']",12
162 رجال,36,70,172,ابيض,مصري,جامعي,مدير,اعزب,شعبي,شقه تمليك,نعم,نعم,27,62,167,1000,جامعي,['ارمله'],"['خمار', 'نقاب']",3
163 رجال,51,88,175,قمحي,مصري,فوق جامعي,مهندس,مطلق,متوسط,بيت عائله,نعم,نعم,44,65,162,1110,فوق جامعي,"['مطلقه بدون اولاد', 'ارمله', 'بكر']","['خمار', 'نقاب', 'طرحة']",6
164 رجال,37,90,170,قمحي,مصري,متوسط,موظف,متزوج,شعبي,حسب الاتفاق,نعم,غالبا,32,70,165,1111,متوسط,"['مطلقه لهااولاد', 'ارمله', 'بكر', 'مطلقه بدون اولاد']",['نقاب'],6
165 رجال,30,98,176,خمري,مصري,جامعي,موظف,اعزب,شعبي,شقه تمليك,غالبا,غالبا,24,90,164,1100,فوق جامعي,['ارمله'],"['خمار', 'نقاب', 'طرحة']",12
166 رجال,54,90,165,ابيض,مصري,متوسط,موظف,ارمل,متوسط,بيت عائله,نعم,نعم,41,68,164,1110,متوسط,"['مطلقه بدون اولاد', 'ارمله', 'بكر']","['خمار', 'نقاب']",3
168 رجال,34,60,167,ابيض,مصري,متوسط,موظف,مطلق,متوسط,بيت عائله,غالبا,لا,20,70,160,1111,متوسط,"['مطلقه بدون اولاد', 'ارمله', 'بكر']","['خمار', 'نقاب', 'طرحة']",6
169 رجال,37,90,185,ابيض,مصري,جامعي,موظف,مطلق,متوسط,شقه تمليك,نعم,نعم,33,65,165,1110,جامعي,"['مطلقه بدون اولاد', 'ارمله', 'بكر']","['خمار', 'نقاب', 'طرحة']",6
170 رجال,41,75,165,ابيض,مصري,متوسط,مدير,متزوج,مرتفع,شقه تمليك,نعم,لا,28,68,164,1000,متوسط,"['مطلقه بدون اولاد', 'بكر']","['خمار', 'نقاب', 'طرحة']",3
171 رجال,21,72,165,ابيض,مصري,متوسط,إمام,اعزب,متوسط,شقه تمليك,نعم,نعم,21,68,170,1100,متوسط,['ارمله'],"['خمار', 'نقاب']",12
172 رجال,31,113,190,خمري,مصري,متوسط,أعمال حرة,متزوج,متوسط,حسب الاتفاق,نعم,غالبا,27,68,164,1111,متوسط,"['مطلقه لهااولاد', 'ارمله', 'بكر', 'مطلقه بدون اولاد']","['خمار', 'نقاب', 'طرحة']",12
173 رجال,41,84,176,خمري,مصري,جامعي,موظف,متزوج,متوسط,شقه تمليك,نعم,غالبا,30,68,162,1000,جامعي,"['مطلقه بدون اولاد', 'ارمله', 'بكر', 'مطلقه لهااولاد']","['خمار', 'نقاب', 'طرحة']",12
174 رجال,24,70,176,ابيض,مصري,جامعي,موظف,اعزب,متوسط,بيت عائله,نعم,نعم,20,70,164,1100,جامعي,['ارمله'],"['خمار', 'نقاب', 'طرحة']",12
176 رجال,56,90,170,قمحي,مصري,جامعي,موظف,مطلق,مرتفع,شقه تمليك,نعم,نعم,42,72,162,1000,جامعي,"['مطلقه بدون اولاد', 'بكر', 'مطلقه لهااولاد']",['طرحة'],3
177 رجال,56,90,169,قمحي,مصري,جامعي,موظف,مطلق,متوسط,شقه تمليك,نعم,نعم,42,72,162,1000,جامعي,"['مطلقه بدون اولاد', 'بكر', 'مطلقه لهااولاد']",['طرحة'],3
178 رجال,33,75,170,خمري,مصري,فوق جامعي,موظف,متزوج,متوسط,شقه تمليك,نعم,نعم,25,70,160,1111,فوق جامعي,"['مطلقه بدون اولاد', 'ارمله', 'بكر']",['خمار'],3
179 رجال,32,70,165,خمري,مصري,متوسط,مدير,اعزب,متوسط,بيت عائله,نعم,نعم,26,65,155,1100,جامعي,['ارمله'],"['خمار', 'نقاب']",12
180 رجال,35,94,180,خمري,مصري,متوسط,موظف,متزوج,متوسط,شقه تمليك,نعم,نعم,30,65,172,1000,جامعي,"['مطلقه بدون اولاد', 'بكر', 'مطلقه لهااولاد']",['نقاب'],6
181 رجال,33,60,170,خمري,مصري,فوق جامعي,مدرس,مطلق,متوسط,حسب الاتفاق,نعم,غالبا,20,68,164,1111,جامعي,"['مطلقه بدون اولاد', 'ارمله', 'بكر']","['خمار', 'نقاب']",6
182 رجال,26,64,160,خمري,مصري,جامعي,مندوب,مطلق,متوسط,حسب الاتفاق,نعم,نعم,22,70,160,1111,جامعي,['ارمله'],['نقاب'],6
183 رجال,43,98,180,ابيض,مصري,فوق جامعي,مدير,مطلق,مرتفع,شقه تمليك,نعم,غالبا,37,67,170,1000,جامعي,"['مطلقه بدون اولاد', 'ارمله', 'بكر']","['خمار', 'نقاب', 'طرحة']",3
184 رجال,33,85,185,خمري,مصري,جامعي,موظف,اعزب,متوسط,شقه تمليك,نعم,غالبا,26,68,164,1111,فوق جامعي,['ارمله'],"['خمار', 'نقاب', 'طرحة']",12
186 رجال,32,72,170,خمري,مصري,فوق جامعي,إمام,مطلق,متوسط,بيت عائله,نعم,نعم,23,70,165,1000,متوسط,['ارمله'],"['خمار', 'نقاب']",12
187 رجال,41,84,176,خمري,مصري,جامعي,موظف,متزوج,متوسط,شقه تمليك,نعم,غالبا,31,68,162,1100,جامعي,"['مطلقه بدون اولاد', 'ارمله', 'بكر']","['خمار', 'نقاب', 'طرحة']",12
188 رجال,29,75,175,قمحي,مصري,جامعي,محاسب,اعزب,متوسط,شقه تمليك,نعم,غالبا,22,60,160,1000,جامعي,"['مطلقه بدون اولاد', 'بكر']",['طرحة'],12
189 رجال,45,68,170,خمري,مصري,فوق جامعي,مدرس,متزوج,متوسط,حسب الاتفاق,نعم,نعم,46,80,155,1000,فوق جامعي,"['مطلقه لهااولاد', 'ارمله', 'بكر', 'مطلقه بدون اولاد']","['خمار', 'نقاب', 'طرحة']",3
190 رجال,35,53,158,ابيض,مصري,جامعي,مدرس,اعزب,متوسط,شقه تمليك,نعم,غالبا,30,65,158,1000,فوق جامعي,['ارمله'],"['خمار', 'نقاب', 'طرحة']",3
191 رجال,45,80,176,اسمر,مصري,جامعي,موظف,مطلق,متوسط,حسب الاتفاق,نعم,غالبا,35,65,165,1110,جامعي,"['مطلقه بدون اولاد', 'ارمله', 'بكر']","['خمار', 'نقاب']",12
192 رجال,32,65,170,قمحي,مصري,جامعي,محاسب,اعزب,متوسط,شقه تمليك,نعم,غالبا,25,65,157,1000,جامعي,['ارمله'],['طرحة'],12
193 رجال,40,75,170,خمري,مصري,فوق جامعي,محاسب,مطلق,متوسط,شقه تمليك,نعم,غالبا,30,63,167,1100,فوق جامعي,"['مطلقه بدون اولاد', 'ارمله', 'بكر']","['خمار', 'نقاب', 'طرحة']",3
194 رجال,30,80,170,خمري,مصري,جامعي,مدير,مطلق,متوسط,بيت عائله,نعم,نعم,28,65,160,1100,فوق جامعي,"['مطلقه بدون اولاد', 'ارمله', 'بكر']","['خمار', 'طرحة']",6
195 رجال,34,70,170,قمحي,مصري,متوسط,أعمال حرة,اعزب,شعبي,بيت عائله,نعم,غالبا,23,60,160,1111,متوسط,['ارمله'],"['خمار', 'طرحة']",12
197 رجال,38,76,173,خمري,مصري,جامعي,أعمال حرة,اعزب,متوسط,شقه تمليك,نعم,غالبا,26,60,167,1100,جامعي,['ارمله'],"['خمار', 'طرحة']",3
198 رجال,34,70,178,ابيض,مصري,جامعي,موظف,مطلق,متوسط,شقه تمليك,نعم,نعم,34,68,164,1100,جامعي,['ارمله'],"['خمار', 'نقاب', 'طرحة']",12
199 رجال,30,70,170,قمحي,مصري,جامعي,مندوب,اعزب,متوسط,شقه تمليك,غالبا,غالبا,23,70,165,1000,متوسط,['ارمله'],"['خمار', 'طرحة']",12
200 رجال,47,82,172,قمحي,مصري,جامعي,أعمال حرة,مطلق,متوسط,حسب الاتفاق,نعم,غالبا,35,65,165,0100,جامعي,"['مطلقه بدون اولاد', 'بكر']",['نقاب'],12
201 رجال,26,73,172,قمحي,مصري,متوسط,أعمال حرة,اعزب,شعبي,حسب الاتفاق,نعم,نعم,20,68,164,1000,متوسط,['ارمله'],['نقاب'],3
202 رجال,45,69,170,قمحي,مصري,فوق جامعي,موظف,متزوج,متوسط,شقه تمليك,غالبا,غالبا,36,67,162,1000,جامعي,"['مطلقه لهااولاد', 'ارمله', 'بكر', 'مطلقه بدون اولاد']",['طرحة'],3
203 رجال,33,70,167,اسمر,مصري,جامعي,موظف,اعزب,متوسط,شقه تمليك,غالبا,غالبا,26,65,167,1000,جامعي,['ارمله'],"['خمار', 'نقاب']",12
204 رجال,33,110,183,ابيض,مصري,جامعي,مندوب,مطلق,مرتفع,شقه تمليك,غالبا,غالبا,23,75,175,1100,جامعي,"['مطلقه بدون اولاد', 'ارمله', 'بكر']",['طرحة'],6
205 رجال,33,64,160,قمحي,مصري,جامعي,إمام,متزوج,متوسط,شقه تمليك,نعم,نعم,40,80,164,1000,جامعي,"['مطلقه بدون اولاد', 'ارمله', 'بكر']",['طرحة'],12
206 رجال,26,78,184,ابيض,مصري,جامعي,مهندس,اعزب,متوسط,بيت عائله,نعم,نعم,23,80,170,1010,فوق جامعي,['ارمله'],['خمار'],6
208 رجال,28,65,161,ابيض,مصري,جامعي,مندوب,اعزب,شعبي,بيت عائله,نعم,نعم,24,68,161,1111,جامعي,['ارمله'],"['خمار', 'نقاب', 'طرحة']",12
209 رجال,27,67,167,ابيض,مصري,فوق جامعي,أعمال حرة,اعزب,متوسط,شقه تمليك,نعم,غالبا,24,68,160,1111,متوسط,"['مطلقه لهااولاد', 'ارمله', 'بكر', 'مطلقه بدون اولاد']","['خمار', 'نقاب']",3
210 رجال,60,95,181,ابيض,مصري,جامعي,مهندس,ارمل,متوسط,شقه تمليك,نعم,غالبا,46,80,155,1100,جامعي,"['مطلقه بدون اولاد', 'ارمله', 'بكر']","['خمار', 'نقاب', 'طرحة']",3
211 رجال,41,90,173,خمري,مصري,متوسط,تاجر,متزوج,متوسط,حسب الاتفاق,نعم,غالبا,31,68,164,1100,متوسط,"['مطلقه بدون اولاد', 'ارمله', 'بكر']","['خمار', 'نقاب']",6
212 رجال,30,70,173,خمري,مصري,فوق جامعي,موظف,اعزب,متوسط,حسب الاتفاق,نعم,نعم,28,68,167,1000,جامعي,['ارمله'],['نقاب'],3
214 رجال,30,58,160,قمحي,مصري,جامعي,أعمال حرة,مطلق,متوسط,شقه تمليك,نعم,نعم,29,60,158,1010,جامعي,"['بكر', 'مطلقه لهااولاد']","['خمار', 'طرحة']",3
215 رجال,41,95,172,ابيض,مصري,جامعي,مهندس,متزوج,متوسط,حسب الاتفاق,نعم,نعم,35,70,160,1000,جامعي,"['مطلقه بدون اولاد', 'بكر']",['خمار'],3
216 رجال,50,77,170,ابيض,مصري,جامعي,مدرس,مطلق,متوسط,حسب الاتفاق,نعم,نعم,35,80,170,1100,جامعي,"['مطلقه بدون اولاد', 'ارمله', 'بكر']",['نقاب'],3
217 رجال,25,70,165,خمري,مصري,جامعي,موظف,متزوج,متوسط,حسب الاتفاق,نعم,غالبا,28,70,150,1111,متوسط,"['مطلقه لهااولاد', 'ارمله', 'بكر', 'مطلقه بدون اولاد']",['نقاب'],3
219 رجال,25,68,169,ابيض,مصري,جامعي,مهندس,اعزب,متوسط,شقه تمليك,غالبا,غالبا,22,68,160,1000,جامعي,['ارمله'],['طرحة'],12
220 رجال,37,90,170,قمحي,مصري,متوسط,أعمال حرة,اعزب,متوسط,شقه تمليك,نعم,نعم,28,60,170,1000,جامعي,['ارمله'],['نقاب'],6
221 رجال,28,80,178,ابيض,مصري,فوق جامعي,إمام,اعزب,شعبي,حسب الاتفاق,نعم,نعم,28,70,167,1000,فوق جامعي,['ارمله'],"['خمار', 'نقاب']",12
222 رجال,31,85,185,قمحي,مصري,جامعي,موظف,اعزب,شعبي,شقه تمليك,نعم,نعم,25,68,170,1010,فوق جامعي,['ارمله'],"['خمار', 'نقاب']",6
223 رجال,53,58,163,قمحي,مصري,متوسط,موظف,مطلق,شعبي,حسب الاتفاق,نعم,نعم,38,67,165,1000,متوسط,"['مطلقه لهااولاد', 'ارمله', 'بكر', 'مطلقه بدون اولاد']","['خمار', 'نقاب']",3
226 رجال,37,60,170,قمحي,مصري,جامعي,محاسب,مطلق,مرتفع,شقه تمليك,نعم,نعم,32,65,170,1110,جامعي,"['مطلقه لهااولاد', 'ارمله', 'بكر', 'مطلقه بدون اولاد']","['خمار', 'نقاب', 'طرحة']",6
229 رجال,38,73,177,قمحي,مصري,جامعي,أعمال حرة,متزوج,متوسط,بيت عائله,نعم,غالبا,24,50,164,1000,متوسط,"['مطلقه بدون اولاد', 'ارمله', 'بكر']","['خمار', 'نقاب']",3
230 رجال,39,85,180,قمحي,مصري,جامعي,أعمال حرة,مطلق,متوسط,شقه تمليك,نعم,غالبا,31,68,164,1110,فوق جامعي,"['مطلقه بدون اولاد', 'ارمله', 'بكر']","['خمار', 'نقاب', 'طرحة']",6
231 رجال,28,87,175,ابيض,مصري,جامعي,مدرس,اعزب,مرتفع,حسب الاتفاق,نعم,غالبا,25,60,165,1100,فوق جامعي,['ارمله'],['نقاب'],3
232 رجال,28,73,171,ابيض,مصري,فوق جامعي,مدرس,اعزب,متوسط,حسب الاتفاق,نعم,نعم,22,67,167,1000,جامعي,['ارمله'],"['خمار', 'نقاب']",12
233 رجال,35,70,165,ابيض,مصري,جامعي,موظف,اعزب,متوسط,شقه تمليك,غالبا,غالبا,28,68,165,1111,جامعي,['ارمله'],"['خمار', 'نقاب', 'طرحة']",3
234 رجال,44,88,172,ابيض,مصري,جامعي,موظف,متزوج,شعبي,حسب الاتفاق,لا,لا,32,67,170,1110,فوق جامعي,"['مطلقه بدون اولاد', 'ارمله', 'بكر']",['طرحة'],3
235 رجال,42,83,173,قمحي,مصري,جامعي,موظف,مطلق,متوسط,شقه تمليك,نعم,غالبا,29,68,167,1111,جامعي,['ارمله'],"['خمار', 'نقاب']",6
236 رجال,35,90,172,قمحي,مصري,جامعي,موظف,مطلق,متوسط,شقه تمليك,نعم,غالبا,25,68,164,1110,فوق جامعي,"['مطلقه بدون اولاد', 'ارمله', 'بكر', 'مطلقه لهااولاد']","['خمار', 'نقاب', 'طرحة']",6
237 رجال,31,83,173,قمحي,مصري,جامعي,مندوب,اعزب,متوسط,حسب الاتفاق,نعم,غالبا,27,70,170,1100,جامعي,['ارمله'],"['خمار', 'طرحة']",12
239 رجال,33,95,178,خمري,مصري,فوق جامعي,مدير,متزوج,متوسط,حسب الاتفاق,نعم,نعم,25,68,164,1000,جامعي,"['مطلقه لهااولاد', 'ارمله', 'بكر', 'مطلقه بدون اولاد']",['نقاب'],3
240 رجال,33,90,184,قمحي,مصري,فوق جامعي,موظف,متزوج,متوسط,شقه تمليك,نعم,نعم,26,68,164,1000,فوق جامعي,"['مطلقه لهااولاد', 'ارمله', 'بكر', 'مطلقه بدون اولاد']","['خمار', 'نقاب', 'طرحة']",6
241 رجال,32,75,180,ابيض,مصري,جامعي,مهندس,متزوج,مرتفع,شقه تمليك,نعم,غالبا,32,75,180,1100,فوق جامعي,['ارمله'],"['خمار', 'طرحة']",6
242 رجال,36,67,170,ابيض,مصري,جامعي,موظف,مطلق,متوسط,شقه تمليك,غالبا,غالبا,29,65,162,1100,متوسط,"['مطلقه بدون اولاد', 'ارمله', 'بكر']","['خمار', 'طرحة']",3
243 رجال,30,83,173,خمري,مصري,جامعي,مندوب,اعزب,متوسط,حسب الاتفاق,نعم,غالبا,27,65,165,1000,جامعي,['ارمله'],"['خمار', 'طرحة']",12
244 رجال,35,95,179,خمري,مصري,جامعي,موظف,اعزب,متوسط,حسب الاتفاق,نعم,غالبا,28,90,164,1110,جامعي,"['مطلقه بدون اولاد', 'ارمله', 'بكر']",['طرحة'],6
245 رجال,39,95,162,خمري,مصري,متوسط,موظف,متزوج,متوسط,حسب الاتفاق,نعم,نعم,30,65,160,1000,متوسط,"['بكر', 'مطلقه لهااولاد']",['خمار'],3
246 رجال,34,80,177,قمحي,مصري,فوق جامعي,موظف,متزوج,شعبي,شقه تمليك,نعم,غالبا,35,80,155,1010,متوسط,"['مطلقه بدون اولاد', 'ارمله', 'بكر']","['خمار', 'نقاب', 'طرحة']",6
248 رجال,49,78,178,خمري,مصري,فوق جامعي,مدرس,مطلق,متوسط,شقه تمليك,نعم,نعم,35,65,165,1100,جامعي,"['مطلقه بدون اولاد', 'بكر']",['نقاب'],3
249 رجال,39,90,170,ابيض,مصري,جامعي,مدرس,متزوج,متوسط,حسب الاتفاق,نعم,نعم,35,75,160,1100,متوسط,"['مطلقه لهااولاد', 'ارمله', 'بكر', 'مطلقه بدون اولاد']","['خمار', 'نقاب']",6
250 رجال,37,97,178,خمري,مصري,فوق جامعي,موظف,متزوج,متوسط,بيت عائله,نعم,نعم,24,68,165,1000,فوق جامعي,"['مطلقه بدون اولاد', 'ارمله', 'بكر']","['خمار', 'نقاب', 'طرحة']",6
251 رجال,29,80,160,ابيض,مصري,فوق جامعي,موظف,اعزب,متوسط,شقه تمليك,نعم,غالبا,24,80,160,1000,متوسط,['ارمله'],"['خمار', 'نقاب', 'طرحة']",3
252 رجال,28,65,159,اسمر,مصري,جامعي,مدرس,اعزب,متوسط,شقه تمليك,نعم,نعم,22,68,164,1000,فوق جامعي,['ارمله'],"['خمار', 'نقاب']",6
253 رجال,40,99,179,قمحي,مصري,جامعي,مهندس,متزوج,متوسط,شقه تمليك,نعم,غالبا,32,75,170,1000,جامعي,['ارمله'],"['خمار', 'نقاب', 'طرحة']",3
254 رجال,56,100,175,قمحي,مصري,جامعي,مهندس,مطلق,مرتفع,حسب الاتفاق,نعم,نعم,38,65,164,1000,متوسط,"['مطلقه لهااولاد', 'ارمله', 'بكر', 'مطلقه بدون اولاد']","['خمار', 'نقاب', 'طرحة']",3
255 رجال,32,73,175,قمحي,مصري,فوق جامعي,مدرس,اعزب,متوسط,شقه تمليك,نعم,نعم,27,65,170,1000,جامعي,['ارمله'],['خمار'],3
256 رجال,29,75,160,خمري,مصري,جامعي,مدير,متزوج,متوسط,شقه تمليك,نعم,نعم,28,68,165,1000,متوسط,"['مطلقه لهااولاد', 'ارمله', 'بكر', 'مطلقه بدون اولاد']",['خمار'],3
257 رجال,38,76,173,ابيض,مصري,جامعي,مدير,متزوج,متوسط,شقه تمليك,نعم,نعم,26,67,160,1110,جامعي,"['مطلقه بدون اولاد', 'ارمله', 'بكر']","['خمار', 'نقاب']",3
258 رجال,42,88,164,خمري,مصري,جامعي,أعمال حرة,متزوج,متوسط,شقه تمليك,نعم,نعم,32,68,163,1000,فوق جامعي,"['مطلقه بدون اولاد', 'ارمله', 'بكر']",['نقاب'],3
259 رجال,40,100,175,قمحي,مصري,جامعي,موظف,متزوج,مرتفع,شقه تمليك,نعم,نعم,20,50,160,1000,جامعي,"['مطلقه بدون اولاد', 'ارمله', 'بكر']","['خمار', 'نقاب']",3
260 رجال,27,82,182,قمحي,مصري,جامعي,موظف,اعزب,متوسط,بيت عائله,نعم,نعم,22,67,170,1000,جامعي,['ارمله'],"['خمار', 'نقاب']",6
261 رجال,35,69,167,قمحي,مصري,جامعي,موظف,متزوج,متوسط,حسب الاتفاق,نعم,نعم,30,60,160,1111,فوق جامعي,"['مطلقه لهااولاد', 'ارمله', 'بكر', 'مطلقه بدون اولاد']","['خمار', 'نقاب', 'طرحة']",12
262 رجال,32,79,188,قمحي,مصري,متوسط,أعمال حرة,اعزب,متوسط,بيت عائله,غالبا,غالبا,24,65,175,1111,متوسط,['ارمله'],['طرحة'],3
263 رجال,43,68,168,ابيض,مصري,فوق جامعي,مدرس,مطلق,شعبي,شقه تمليك,غالبا,غالبا,38,68,164,1111,جامعي,"['مطلقه بدون اولاد', 'بكر']","['خمار', 'نقاب', 'طرحة']",3
264 رجال,47,95,170,ابيض,مصري,متوسط,موظف,متزوج,مرتفع,حسب الاتفاق,نعم,لا,32,70,172,1111,متوسط,"['مطلقه لهااولاد', 'ارمله', 'بكر', 'مطلقه بدون اولاد']",['نقاب'],3
265 رجال,22,82,180,قمحي,مصري,جامعي,إمام,اعزب,شعبي,بيت عائله,نعم,نعم,32,90,164,1111,متوسط,"['مطلقه بدون اولاد', 'بكر']",['نقاب'],3
266 رجال,35,62,176,قمحي,مصري,جامعي,مهندس,مطلق,متوسط,شقه تمليك,نعم,نعم,30,65,165,1110,جامعي,"['مطلقه بدون اولاد', 'ارمله', 'بكر']","['خمار', 'نقاب', 'طرحة']",6
267 رجال,31,76,176,قمحي,مصري,جامعي,محاسب,اعزب,متوسط,شقه تمليك,نعم,غالبا,24,60,162,1000,جامعي,['ارمله'],['طرحة'],6
268 رجال,34,75,170,قمحي,مصري,فوق جامعي,إمام,مطلق,متوسط,شقه تمليك,نعم,نعم,26,67,165,1000,فوق جامعي,['ارمله'],['خمار'],3
269 رجال,35,85,178,قمحي,مصري,فوق جامعي,مهندس,اعزب,شعبي,شقه تمليك,نعم,لا,29,68,164,1111,متوسط,"['مطلقه لهااولاد', 'ارمله', 'بكر', 'مطلقه بدون اولاد']","['خمار', 'نقاب', 'طرحة']",3
270 رجال,30,65,174,قمحي,مصري,جامعي,موظف,اعزب,متوسط,شقه تمليك,نعم,غالبا,24,77,162,1000,جامعي,['ارمله'],"['خمار', 'نقاب', 'طرحة']",12
271 رجال,28,61,170,قمحي,مصري,جامعي,مدرس,اعزب,متوسط,شقه تمليك,غالبا,غالبا,22,67,170,1110,فوق جامعي,['ارمله'],"['خمار', 'طرحة']",12
272 رجال,37,100,160,خمري,مصري,متوسط,موظف,مطلق,شعبي,بيت عائله,نعم,نعم,30,60,164,1000,متوسط,"['مطلقه بدون اولاد', 'بكر']","['خمار', 'نقاب']",12
273 رجال,37,85,170,ابيض,مصري,فوق جامعي,أعمال حرة,اعزب,متوسط,شقه تمليك,نعم,غالبا,31,85,164,1000,فوق جامعي,['ارمله'],"['خمار', 'نقاب', 'طرحة']",12
274 رجال,44,78,165,ابيض,مصري,جامعي,مهندس,مطلق,شعبي,شقه تمليك,غالبا,لا,34,70,160,1110,جامعي,"['مطلقه بدون اولاد', 'ارمله', 'بكر', 'مطلقه لهااولاد']","['خمار', 'طرحة']",6
276 رجال,25,90,173,ابيض,اردني,متوسط,إمام,اعزب,متوسط,شقه تمليك,نعم,نعم,20,68,164,1000,جامعي,['ارمله'],['نقاب'],6
277 رجال,34,65,177,خمري,مصري,فوق جامعي,أعمال حرة,اعزب,مرتفع,شقه تمليك,نعم,غالبا,28,75,167,1000,فوق جامعي,['ارمله'],['طرحة'],6
279 رجال,40,100,179,اسمر,مصري,متوسط,موظف,مطلق,متوسط,حسب الاتفاق,نعم,لا,36,68,160,1111,جامعي,"['مطلقه بدون اولاد', 'ارمله', 'بكر']","['خمار', 'نقاب']",12
280 رجال,36,75,169,خمري,مصري,متوسط,مدرس,مطلق,متوسط,حسب الاتفاق,نعم,نعم,28,68,170,1111,متوسط,"['مطلقه لهااولاد', 'ارمله', 'بكر', 'مطلقه بدون اولاد']","['خمار', 'نقاب', 'طرحة']",12
281 رجال,29,74,175,ابيض,مصري,جامعي,موظف,اعزب,متوسط,بيت عائله,غالبا,غالبا,26,60,170,1000,جامعي,['ارمله'],['نقاب'],12
282 رجال,28,69,172,ابيض,مصري,جامعي,مهندس,اعزب,متوسط,شقه تمليك,نعم,غالبا,23,62,170,1000,فوق جامعي,['ارمله'],['طرحة'],6
283 رجال,26,65,165,خمري,مصري,متوسط,مدرس,اعزب,متوسط,بيت عائله,غالبا,نعم,20,55,165,1100,متوسط,['ارمله'],['نقاب'],3
284 رجال,34,85,176,قمحي,مصري,فوق جامعي,مدير,متزوج,مرتفع,شقه تمليك,نعم,نعم,22,67,170,1000,جامعي,"['مطلقه بدون اولاد', 'ارمله', 'بكر']","['خمار', 'نقاب']",3
285 رجال,34,90,176,قمحي,مصري,متوسط,موظف,اعزب,متوسط,بيت عائله,نعم,نعم,27,68,164,1010,متوسط,['ارمله'],['نقاب'],12
287 رجال,29,80,160,ابيض,مصري,جامعي,أعمال حرة,اعزب,شعبي,شقه تمليك,نعم,نعم,25,68,155,1010,فوق جامعي,['ارمله'],"['خمار', 'نقاب', 'طرحة']",6
288 رجال,61,85,167,اسمر,مصري,جامعي,مدرس,مطلق,مرتفع,شقه تمليك,نعم,غالبا,42,75,160,1000,جامعي,"['مطلقه بدون اولاد', 'بكر']",['طرحة'],3
289 رجال,42,72,172,ابيض,مصري,فوق جامعي,مدرس,متزوج,متوسط,شقه تمليك,نعم,نعم,32,70,160,1000,متوسط,"['مطلقه لهااولاد', 'ارمله', 'بكر', 'مطلقه بدون اولاد']","['خمار', 'نقاب', 'طرحة']",3
290 رجال,35,84,170,قمحي,مصري,جامعي,موظف,متزوج,متوسط,شقه تمليك,نعم,نعم,42,68,160,1100,متوسط,"['مطلقه لهااولاد', 'ارمله', 'بكر', 'مطلقه بدون اولاد']",['خمار'],3
291 رجال,32,95,170,قمحي,مصري,متوسط,مهندس,مطلق,شعبي,شقه تمليك,نعم,نعم,25,77,165,1000,جامعي,['ارمله'],['نقاب'],12
292 رجال,29,77,179,ابيض,مصري,جامعي,أعمال حرة,اعزب,شعبي,شقه تمليك,غالبا,غالبا,26,68,165,1100,جامعي,['ارمله'],"['خمار', 'نقاب', 'طرحة']",6
293 رجال,34,68,168,خمري,مصري,جامعي,موظف,مطلق,متوسط,بيت عائله,نعم,غالبا,27,57,163,1100,جامعي,"['مطلقه بدون اولاد', 'ارمله', 'بكر']","['خمار', 'طرحة']",3
294 رجال,30,61,171,قمحي,مصري,فوق جامعي,مدرس,اعزب,متوسط,حسب الاتفاق,نعم,نعم,26,72,162,1000,متوسط,['ارمله'],"['خمار', 'نقاب', 'طرحة']",3
295 رجال,61,75,169,قمحي,مصري,جامعي,موظف,متزوج,مرتفع,شقه تمليك,نعم,غالبا,50,68,160,1110,جامعي,"['مطلقه بدون اولاد', 'بكر']","['خمار', 'طرحة']",3
296 رجال,34,77,189,قمحي,مصري,جامعي,موظف,متزوج,مرتفع,شقه تمليك,نعم,نعم,22,68,164,1100,جامعي,"['مطلقه لهااولاد', 'ارمله', 'بكر', 'مطلقه بدون اولاد']","['خمار', 'نقاب', 'طرحة']",6
297 رجال,41,70,168,قمحي,مصري,متوسط,موظف,مطلق,شعبي,شقه تمليك,نعم,نعم,30,68,157,1100,متوسط,"['مطلقه بدون اولاد', 'ارمله', 'بكر']","['خمار', 'نقاب', 'طرحة']",3
298 رجال,39,98,172,خمري,مصري,جامعي,مدير,اعزب,شعبي,حسب الاتفاق,لا,لا,27,80,170,1100,فوق جامعي,['ارمله'],"['خمار', 'نقاب', 'طرحة']",6
364 رجال,35,70,170,قمحي,مصري,جامعي,موظف,متزوج,مرتفع,شقه تمليك,نعم,نعم,28,68,164,1111,متوسط,"['مطلقه لهااولاد', 'ارمله', 'بكر', 'مطلقه بدون اولاد']","['خمار', 'نقاب']",3
300 رجال,39,84,182,قمحي,مصري,جامعي,أعمال حرة,مطلق,متوسط,شقه تمليك,نعم,غالبا,31,68,164,1110,فوق جامعي,['ارمله'],"['خمار', 'نقاب', 'طرحة']",6
301 رجال,60,80,175,قمحي,مصري,متوسط,موظف,متزوج,متوسط,حسب الاتفاق,نعم,غالبا,40,70,164,1000,متوسط,"['مطلقه بدون اولاد', 'بكر']",['خمار'],3
302 رجال,38,80,175,ابيض,مصري,جامعي,مهندس,متزوج,شعبي,حسب الاتفاق,نعم,نعم,33,68,160,1100,فوق جامعي,"['مطلقه لهااولاد', 'ارمله', 'بكر', 'مطلقه بدون اولاد']",['نقاب'],3
303 رجال,45,75,175,ابيض,مصري,متوسط,موظف,مطلق,متوسط,شقه تمليك,غالبا,غالبا,35,70,160,1000,متوسط,"['مطلقه بدون اولاد', 'ارمله', 'بكر']",['طرحة'],12
305 رجال,39,76,175,ابيض,مصري,جامعي,مدير,متزوج,متوسط,شقه تمليك,نعم,نعم,30,82,165,1100,فوق جامعي,"['مطلقه بدون اولاد', 'ارمله', 'بكر', 'مطلقه لهااولاد']","['خمار', 'نقاب', 'طرحة']",6
307 رجال,37,77,164,قمحي,مصري,متوسط,أعمال حرة,اعزب,متوسط,بيت عائله,نعم,غالبا,27,65,165,1110,جامعي,['ارمله'],"['خمار', 'نقاب', 'طرحة']",12
308 رجال,29,67,160,ابيض,مصري,جامعي,محاسب,مطلق,متوسط,حسب الاتفاق,نعم,نعم,28,68,164,1111,متوسط,"['مطلقه لهااولاد', 'ارمله', 'بكر', 'مطلقه بدون اولاد']","['خمار', 'نقاب', 'طرحة']",3
309 رجال,25,65,160,ابيض,مصري,متوسط,موظف,اعزب,متوسط,ايجار,نعم,نعم,22,62,164,1100,فوق جامعي,['ارمله'],"['خمار', 'نقاب']",12
310 رجال,42,75,160,قمحي,مصري,جامعي,أعمال حرة,متزوج,شعبي,حسب الاتفاق,غالبا,غالبا,25,68,155,1000,جامعي,"['مطلقه بدون اولاد', 'بكر']",['نقاب'],6
312 رجال,43,102,180,خمري,مصري,جامعي,مهندس,متزوج,متوسط,حسب الاتفاق,نعم,غالبا,40,80,160,1000,جامعي,"['مطلقه بدون اولاد', 'بكر', 'مطلقه لهااولاد']",['طرحة'],3
313 رجال,30,76,186,قمحي,مصري,جامعي,موظف,مطلق,متوسط,حسب الاتفاق,نعم,نعم,28,68,164,1110,متوسط,"['مطلقه بدون اولاد', 'بكر', 'مطلقه لهااولاد']","['خمار', 'نقاب', 'طرحة']",3
315 رجال,34,85,174,ابيض,مصري,جامعي,موظف,مطلق,متوسط,بيت عائله,غالبا,لا,27,65,160,1000,جامعي,"['مطلقه بدون اولاد', 'بكر']",['طرحة'],3
316 رجال,68,63,165,قمحي,مصري,جامعي,موظف,ارمل,مرتفع,بيت عائله,نعم,نعم,45,72,162,1000,جامعي,"['مطلقه بدون اولاد', 'ارمله', 'بكر']",['طرحة'],3
317 رجال,34,83,167,ابيض,مصري,متوسط,موظف,مطلق,متوسط,شقه تمليك,نعم,نعم,30,68,163,1000,متوسط,"['مطلقه لهااولاد', 'ارمله', 'بكر', 'مطلقه بدون اولاد']",['خمار'],6
318 رجال,29,71,178,ابيض,مصري,جامعي,محاسب,اعزب,متوسط,بيت عائله,نعم,نعم,21,62,175,1000,جامعي,['ارمله'],['نقاب'],3
319 رجال,29,90,177,ابيض,مصري,متوسط,موظف,اعزب,شعبي,شقه تمليك,نعم,غالبا,23,68,164,1111,متوسط,['ارمله'],"['خمار', 'نقاب', 'طرحة']",12
320 رجال,31,94,178,ابيض,مصري,جامعي,موظف,مطلق,شعبي,بيت عائله,نعم,نعم,30,68,167,1100,جامعي,"['مطلقه بدون اولاد', 'ارمله', 'بكر']","['خمار', 'نقاب']",6
321 رجال,38,65,168,ابيض,مصري,متوسط,موظف,اعزب,متوسط,حسب الاتفاق,نعم,غالبا,28,80,164,1111,جامعي,['ارمله'],"['خمار', 'نقاب']",12
322 رجال,42,85,170,خمري,مصري,جامعي,أعمال حرة,اعزب,متوسط,بيت عائله,غالبا,غالبا,33,80,165,0100,فوق جامعي,['ارمله'],['طرحة'],6
323 رجال,29,55,165,قمحي,مصري,جامعي,موظف,اعزب,متوسط,بيت عائله,نعم,لا,25,65,165,1000,فوق جامعي,['ارمله'],"['خمار', 'نقاب', 'طرحة']",6
324 رجال,30,75,176,ابيض,مصري,جامعي,مدير,مطلق,شعبي,بيت عائله,نعم,نعم,25,70,160,1000,متوسط,['ارمله'],['طرحة'],12
325 رجال,29,77,179,ابيض,مصري,جامعي,أعمال حرة,اعزب,متوسط,شقه تمليك,نعم,نعم,26,68,165,1100,جامعي,['ارمله'],"['خمار', 'نقاب', 'طرحة']",6
326 رجال,34,93,177,قمحي,مصري,جامعي,مدرس,اعزب,متوسط,بيت عائله,نعم,نعم,27,72,165,1100,فوق جامعي,"['مطلقه بدون اولاد', 'ارمله', 'بكر']","['خمار', 'نقاب', 'طرحة']",3
328 رجال,26,60,173,ابيض,مصري,متوسط,موظف,اعزب,متوسط,شقه تمليك,نعم,نعم,26,68,164,1111,متوسط,['ارمله'],['خمار'],12
329 رجال,52,70,168,خمري,مصري,جامعي,مدرس,متزوج,متوسط,حسب الاتفاق,نعم,نعم,40,50,165,1111,جامعي,"['مطلقه لهااولاد', 'ارمله', 'بكر', 'مطلقه بدون اولاد']",['نقاب'],3
330 رجال,27,68,168,قمحي,مصري,جامعي,موظف,اعزب,شعبي,شقه تمليك,نعم,نعم,23,68,164,1110,فوق جامعي,['ارمله'],"['خمار', 'نقاب', 'طرحة']",3
331 رجال,42,80,180,ابيض,مصري,جامعي,مدير,مطلق,مرتفع,شقه تمليك,نعم,نعم,40,90,165,1111,متوسط,"['مطلقه لهااولاد', 'ارمله', 'بكر', 'مطلقه بدون اولاد']","['خمار', 'نقاب', 'طرحة']",3
332 رجال,36,83,186,خمري,مصري,جامعي,مدير,مطلق,مرتفع,شقه تمليك,نعم,غالبا,27,65,155,1100,فوق جامعي,"['مطلقه بدون اولاد', 'ارمله', 'بكر']","['خمار', 'طرحة']",3
333 رجال,28,62,171,قمحي,مصري,فوق جامعي,موظف,اعزب,متوسط,بيت عائله,غالبا,غالبا,25,65,167,1111,متوسط,['ارمله'],"['خمار', 'نقاب', 'طرحة']",6
334 رجال,37,91,175,خمري,مصري,فوق جامعي,مدرس,متزوج,متوسط,شقه تمليك,نعم,غالبا,30,75,164,1111,فوق جامعي,"['مطلقه بدون اولاد', 'ارمله', 'بكر', 'مطلقه لهااولاد']","['خمار', 'نقاب', 'طرحة']",3
335 رجال,29,70,175,خمري,مصري,جامعي,موظف,اعزب,متوسط,شقه تمليك,نعم,غالبا,29,60,160,1111,جامعي,['ارمله'],"['خمار', 'نقاب']",6
336 رجال,40,75,175,ابيض,مصري,جامعي,مدرس,متزوج,ريفي,شقه تمليك,نعم,نعم,32,80,160,1100,فوق جامعي,"['مطلقه بدون اولاد', 'ارمله', 'بكر']",['نقاب'],12
337 رجال,49,72,169,خمري,مصري,جامعي,مهندس,متزوج,متوسط,شقه تمليك,نعم,نعم,40,70,168,1110,فوق جامعي,"['مطلقه بدون اولاد', 'ارمله', 'بكر']",['نقاب'],3
338 رجال,41,90,175,قمحي,مصري,فوق جامعي,موظف,ارمل,متوسط,حسب الاتفاق,غالبا,لا,32,68,164,1111,متوسط,"['مطلقه لهااولاد', 'ارمله', 'بكر', 'مطلقه بدون اولاد']","['خمار', 'نقاب', 'طرحة']",12
339 رجال,36,100,187,قمحي,مصري,جامعي,مندوب,اعزب,متوسط,شقه تمليك,نعم,نعم,25,70,160,1111,جامعي,['ارمله'],"['خمار', 'نقاب']",3
340 رجال,40,60,167,ابيض,مصري,متوسط,موظف,متزوج,متوسط,حسب الاتفاق,غالبا,غالبا,38,70,165,1000,متوسط,['ارمله'],['خمار'],3
341 رجال,22,80,173,قمحي,مصري,جامعي,محاسب,اعزب,متوسط,شقه تمليك,نعم,غالبا,21,57,150,1111,فوق جامعي,['ارمله'],"['خمار', 'نقاب', 'طرحة']",12
343 رجال,50,82,160,قمحي,سعودي,متوسط,موظف,متزوج,متوسط,شقه تمليك,نعم,نعم,35,70,160,1000,متوسط,"['مطلقه بدون اولاد', 'بكر', 'مطلقه لهااولاد']","['خمار', 'نقاب']",3
345 رجال,39,90,180,اسمر,مصري,فوق جامعي,مدرس,مطلق,متوسط,شقه تمليك,نعم,غالبا,32,70,162,1110,جامعي,"['مطلقه بدون اولاد', 'ارمله', 'بكر']","['خمار', 'نقاب', 'طرحة']",6
346 رجال,35,90,173,ابيض,مصري,جامعي,تاجر,متزوج,متوسط,حسب الاتفاق,نعم,نعم,27,70,170,1111,جامعي,"['مطلقه بدون اولاد', 'ارمله', 'بكر', 'مطلقه لهااولاد']",['نقاب'],6
348 رجال,42,92,175,ابيض,مصري,جامعي,مدير,متزوج,متوسط,حسب الاتفاق,نعم,نعم,40,80,167,1111,متوسط,"['مطلقه لهااولاد', 'ارمله', 'بكر', 'مطلقه بدون اولاد']","['خمار', 'نقاب']",3
349 رجال,37,45,167,ابيض,مصري,متوسط,موظف,اعزب,متوسط,بيت عائله,نعم,نعم,27,45,160,1111,متوسط,['ارمله'],['خمار'],3
350 رجال,35,95,179,خمري,مصري,جامعي,مهندس,اعزب,متوسط,حسب الاتفاق,غالبا,غالبا,31,68,164,1110,جامعي,"['مطلقه بدون اولاد', 'ارمله', 'بكر']",['طرحة'],6
351 رجال,37,105,170,ابيض,مصري,جامعي,موظف,متزوج,متوسط,بيت عائله,نعم,نعم,28,68,164,1111,متوسط,"['مطلقه لهااولاد', 'ارمله', 'بكر', 'مطلقه بدون اولاد']",['نقاب'],3
352 رجال,25,87,188,قمحي,مصري,جامعي,محاسب,اعزب,متوسط,شقه تمليك,نعم,نعم,25,68,160,1110,جامعي,"['مطلقه بدون اولاد', 'ارمله', 'بكر']",['نقاب'],12
353 رجال,27,85,167,ابيض,مصري,فوق جامعي,أعمال حرة,اعزب,ريفي,بيت عائله,نعم,نعم,24,68,165,1111,متوسط,['ارمله'],['خمار'],6
354 رجال,42,90,186,قمحي,مصري,متوسط,موظف,ارمل,متوسط,شقه تمليك,نعم,نعم,32,75,170,1110,جامعي,"['مطلقه بدون اولاد', 'بكر', 'مطلقه لهااولاد']",['نقاب'],3
355 رجال,33,85,170,قمحي,مصري,جامعي,محاسب,مطلق,متوسط,حسب الاتفاق,نعم,نعم,35,65,160,1000,متوسط,"['مطلقه بدون اولاد', 'ارمله', 'بكر']","['خمار', 'نقاب', 'طرحة']",12
356 رجال,35,80,183,اسمر,فرنسي,جامعي,مدرس,مطلق,متوسط,شقه تمليك,نعم,نعم,28,68,183,1111,متوسط,"['مطلقه لهااولاد', 'ارمله', 'بكر', 'مطلقه بدون اولاد']","['خمار', 'نقاب', 'طرحة']",12
357 رجال,30,67,167,قمحي,مصري,متوسط,أعمال حرة,اعزب,ريفي,حسب الاتفاق,نعم,نعم,24,68,164,1010,متوسط,"['مطلقه بدون اولاد', 'ارمله', 'بكر']","['خمار', 'نقاب', 'طرحة']",12
358 رجال,28,73,175,خمري,مصري,متوسط,موظف,اعزب,متوسط,بيت عائله,نعم,نعم,22,65,165,1000,متوسط,['ارمله'],"['خمار', 'نقاب']",12
359 رجال,26,63,167,ابيض,مصري,جامعي,مندوب,اعزب,متوسط,شقه تمليك,نعم,نعم,22,57,160,1000,جامعي,['ارمله'],"['خمار', 'نقاب', 'طرحة']",6
360 رجال,43,80,178,ابيض,مصري,جامعي,مهندس,مطلق,متوسط,شقه تمليك,نعم,نعم,31,60,167,1000,جامعي,"['مطلقه بدون اولاد', 'ارمله', 'بكر']",['خمار'],6
361 رجال,38,78,172,ابيض,مصري,جامعي,مدير,متزوج,متوسط,شقه تمليك,نعم,نعم,26,68,160,1110,جامعي,"['مطلقه بدون اولاد', 'ارمله', 'بكر']","['خمار', 'نقاب']",3
362 رجال,43,80,178,ابيض,مصري,جامعي,مهندس,مطلق,متوسط,شقه تمليك,نعم,نعم,33,62,165,1110,فوق جامعي,"['مطلقه بدون اولاد', 'ارمله', 'بكر']","['خمار', 'طرحة']",6
363 رجال,34,75,170,ابيض,مصري,متوسط,مدير,متزوج,متوسط,حسب الاتفاق,نعم,نعم,30,70,165,1000,متوسط,"['مطلقه لهااولاد', 'ارمله', 'بكر', 'مطلقه بدون اولاد']","['خمار', 'نقاب']",3
364 رجال,63,67,173,قمحي,مصري,متوسط,موظف,ارمل,مرتفع,شقه تمليك,نعم,غالبا,51,68,164,1110,جامعي,"['مطلقه لهااولاد', 'ارمله', 'بكر', 'مطلقه بدون اولاد']","['خمار', 'طرحة']",3
365 رجال,26,63,167,قمحي,مصري,جامعي,مندوب,اعزب,متوسط,شقه تمليك,غالبا,غالبا,22,57,160,1000,جامعي,['ارمله'],"['خمار', 'نقاب', 'طرحة']",6
366 رجال,27,60,180,قمحي,مصري,جامعي,مهندس,اعزب,متوسط,حسب الاتفاق,غالبا,غالبا,24,60,165,1100,جامعي,['ارمله'],"['خمار', 'طرحة']",12
367 رجال,29,70,163,خمري,مصري,فوق جامعي,موظف,اعزب,متوسط,بيت عائله,نعم,غالبا,24,68,165,1000,جامعي,['ارمله'],['نقاب'],6
368 رجال,39,70,175,خمري,مصري,جامعي,أعمال حرة,متزوج,متوسط,شقه تمليك,نعم,نعم,35,68,164,1111,متوسط,"['مطلقه بدون اولاد', 'ارمله', 'بكر']","['خمار', 'نقاب']",3
369 رجال,53,85,176,ابيض,مصري,جامعي,مدرس,متزوج,متوسط,حسب الاتفاق,نعم,غالبا,40,68,164,1111,جامعي,"['مطلقه لهااولاد', 'ارمله', 'بكر', 'مطلقه بدون اولاد']","['خمار', 'نقاب', 'طرحة']",3
370 رجال,35,84,167,قمحي,مصري,فوق جامعي,محاسب,اعزب,شعبي,شقه تمليك,نعم,نعم,28,68,170,1100,فوق جامعي,['ارمله'],['نقاب'],6
371 رجال,38,88,182,خمري,مصري,فوق جامعي,موظف,متزوج,متوسط,شقه تمليك,نعم,نعم,30,60,170,1100,فوق جامعي,"['مطلقه بدون اولاد', 'ارمله', 'بكر']","['خمار', 'نقاب']",3
372 رجال,37,70,173,ابيض,مصري,جامعي,مدير,اعزب,متوسط,شقه تمليك,نعم,غالبا,28,65,170,1110,جامعي,['ارمله'],['طرحة'],12
373 رجال,21,68,173,ابيض,مصري,متوسط,موظف,اعزب,متوسط,شقه تمليك,نعم,نعم,24,75,164,1110,متوسط,['ارمله'],"['خمار', 'نقاب']",12
374 رجال,41,89,185,قمحي,مصري,متوسط,موظف,ارمل,شعبي,شقه تمليك,نعم,نعم,35,80,175,1110,جامعي,"['مطلقه بدون اولاد', 'ارمله', 'بكر', 'مطلقه لهااولاد']",['نقاب'],3
375 رجال,26,79,175,ابيض,مصري,متوسط,مهندس,اعزب,متوسط,بيت عائله,نعم,نعم,20,61,171,1000,متوسط,['ارمله'],"['خمار', 'نقاب']",12
376 رجال,34,90,165,ابيض,مصري,متوسط,محاسب,متزوج,شعبي,حسب الاتفاق,نعم,نعم,40,68,164,1111,متوسط,"['مطلقه لهااولاد', 'ارمله', 'بكر', 'مطلقه بدون اولاد']",['نقاب'],3
377 رجال,39,100,177,قمحي,مصري,متوسط,أعمال حرة,متزوج,متوسط,حسب الاتفاق,نعم,نعم,30,72,165,1010,متوسط,"['مطلقه لهااولاد', 'ارمله', 'بكر', 'مطلقه بدون اولاد']","['خمار', 'نقاب']",3
378 رجال,46,74,160,قمحي,مصري,جامعي,مدرس,متزوج,متوسط,حسب الاتفاق,نعم,نعم,35,68,164,1110,فوق جامعي,"['مطلقه بدون اولاد', 'ارمله', 'بكر', 'مطلقه لهااولاد']","['خمار', 'نقاب']",3
379 رجال,21,81,170,قمحي,مصري,جامعي,موظف,اعزب,مرتفع,حسب الاتفاق,نعم,نعم,20,68,157,1000,متوسط,['ارمله'],['نقاب'],6
380 رجال,29,88,185,ابيض,مصري,جامعي,محاسب,اعزب,متوسط,بيت عائله,نعم,نعم,22,75,160,1000,متوسط,['ارمله'],['خمار'],6
382 رجال,32,65,165,قمحي,مصري,جامعي,مهندس,اعزب,متوسط,حسب الاتفاق,نعم,نعم,24,80,165,1110,متوسط,['ارمله'],"['خمار', 'نقاب', 'طرحة']",12
383 رجال,38,60,160,اسمر,مصري,جامعي,مدرس,اعزب,متوسط,حسب الاتفاق,نعم,نعم,30,55,164,1111,فوق جامعي,['ارمله'],['نقاب'],12
384 رجال,32,100,180,ابيض,مصري,متوسط,موظف,متزوج,ريفي,حسب الاتفاق,نعم,نعم,25,60,150,1100,متوسط,"['مطلقه بدون اولاد', 'ارمله', 'بكر']",['نقاب'],12
386 رجال,33,99,185,ابيض,مصري,جامعي,موظف,مطلق,متوسط,شقه تمليك,نعم,نعم,22,65,165,1000,متوسط,['ارمله'],"['خمار', 'نقاب', 'طرحة']",12
387 رجال,31,95,170,قمحي,مصري,متوسط,موظف,اعزب,ريفي,حسب الاتفاق,نعم,نعم,22,70,170,1000,متوسط,['ارمله'],['خمار'],12
388 رجال,47,75,168,قمحي,مصري,فوق جامعي,موظف,متزوج,متوسط,حسب الاتفاق,نعم,نعم,40,70,164,1000,جامعي,"['مطلقه بدون اولاد', 'بكر']","['خمار', 'طرحة']",3
389 رجال,26,65,172,خمري,مصري,جامعي,مدرس,مطلق,ريفي,بيت عائله,غالبا,غالبا,27,65,164,1111,متوسط,"['مطلقه بدون اولاد', 'ارمله', 'بكر', 'مطلقه لهااولاد']",['نقاب'],3
390 رجال,34,103,176,خمري,مصري,فوق جامعي,مدرس,متزوج,متوسط,حسب الاتفاق,نعم,غالبا,28,72,165,1111,فوق جامعي,"['مطلقه بدون اولاد', 'ارمله', 'بكر']","['خمار', 'نقاب', 'طرحة']",6
391 رجال,35,70,168,ابيض,مصري,فوق جامعي,مدرس,اعزب,مرتفع,شقه تمليك,نعم,غالبا,24,60,166,1000,جامعي,['ارمله'],"['خمار', 'طرحة']",6
392 رجال,58,100,186,خمري,مصري,جامعي,مدير,مطلق,مرتفع,شقه تمليك,نعم,نعم,46,68,164,1100,جامعي,"['مطلقه بدون اولاد', 'بكر', 'مطلقه لهااولاد']","['خمار', 'نقاب', 'طرحة']",3
393 رجال,50,75,170,خمري,مصري,فوق جامعي,موظف,متزوج,متوسط,حسب الاتفاق,نعم,نعم,35,85,164,1000,متوسط,"['مطلقه لهااولاد', 'ارمله', 'بكر', 'مطلقه بدون اولاد']","['خمار', 'نقاب']",6
394 رجال,41,89,185,خمري,مصري,متوسط,موظف,ارمل,شعبي,شقه تمليك,نعم,نعم,35,80,177,1110,جامعي,"['مطلقه بدون اولاد', 'ارمله', 'بكر', 'مطلقه لهااولاد']",['نقاب'],3
395 رجال,59,115,177,قمحي,مصري,جامعي,مهندس,مطلق,متوسط,شقه تمليك,نعم,نعم,42,67,164,1110,جامعي,"['مطلقه بدون اولاد', 'بكر']","['خمار', 'نقاب']",3
396 رجال,53,90,185,ابيض,مصري,فوق جامعي,موظف,مطلق,متوسط,شقه تمليك,نعم,غالبا,42,77,165,1000,متوسط,"['مطلقه بدون اولاد', 'بكر']","['خمار', 'نقاب', 'طرحة']",3
397 رجال,43,95,179,قمحي,مصري,متوسط,موظف,مطلق,متوسط,شقه تمليك,نعم,لا,37,80,167,1100,متوسط,"['بكر', 'مطلقه لهااولاد']","['خمار', 'نقاب', 'طرحة']",12
398 رجال,42,90,170,ابيض,مصري,جامعي,مندوب,اعزب,متوسط,بيت عائله,نعم,نعم,30,75,170,1000,جامعي,['ارمله'],"['خمار', 'نقاب', 'طرحة']",6
399 رجال,42,73,180,قمحي,مصري,جامعي,مدير,متزوج,متوسط,حسب الاتفاق,نعم,غالبا,35,62,162,1110,متوسط,"['مطلقه لهااولاد', 'ارمله', 'بكر', 'مطلقه بدون اولاد']","['خمار', 'نقاب', 'طرحة']",3
401 رجال,39,72,172,خمري,مصري,متوسط,مدير,متزوج,متوسط,شقه تمليك,غالبا,غالبا,30,60,160,1100,جامعي,"['مطلقه بدون اولاد', 'ارمله', 'بكر']","['خمار', 'نقاب', 'طرحة']",3
402 رجال,26,85,180,ابيض,مصري,متوسط,موظف,اعزب,متوسط,شقه تمليك,نعم,نعم,24,65,164,1111,متوسط,['ارمله'],"['خمار', 'نقاب', 'طرحة']",6
403 رجال,31,80,182,خمري,مصري,جامعي,محاسب,اعزب,متوسط,شقه تمليك,نعم,غالبا,22,65,160,1100,جامعي,['ارمله'],"['خمار', 'نقاب', 'طرحة']",3
404 رجال,40,90,175,اسمر,مصري,جامعي,مدرس,متزوج,متوسط,شقه تمليك,نعم,نعم,35,68,164,1000,جامعي,"['مطلقه بدون اولاد', 'ارمله', 'بكر']","['خمار', 'نقاب']",3
405 رجال,39,70,165,ابيض,مصري,جامعي,موظف,اعزب,مرتفع,شقه تمليك,نعم,نعم,28,70,165,1000,متوسط,['ارمله'],['طرحة'],3
406 رجال,54,65,162,ابيض,مصري,جامعي,أعمال حرة,متزوج,متوسط,حسب الاتفاق,نعم,غالبا,35,67,162,1000,جامعي,"['مطلقه لهااولاد', 'ارمله', 'بكر', 'مطلقه بدون اولاد']",['طرحة'],3
407 رجال,27,70,165,قمحي,مصري,جامعي,مهندس,اعزب,مرتفع,بيت عائله,غالبا,لا,32,65,165,1110,جامعي,"['مطلقه لهااولاد', 'ارمله', 'بكر', 'مطلقه بدون اولاد']","['خمار', 'نقاب', 'طرحة']",6
409 رجال,28,85,170,خمري,مصري,جامعي,مهندس,اعزب,متوسط,شقه تمليك,نعم,لا,23,68,164,1100,جامعي,['ارمله'],"['خمار', 'طرحة']",12
410 رجال,23,80,161,ابيض,مصري,جامعي,موظف,اعزب,ريفي,حسب الاتفاق,نعم,نعم,21,60,160,1000,متوسط,['ارمله'],['طرحة'],12
411 رجال,27,70,179,ابيض,مصري,جامعي,موظف,اعزب,متوسط,بيت عائله,غالبا,لا,21,55,160,1000,فوق جامعي,['ارمله'],['طرحة'],3
412 رجال,32,85,178,خمري,مصري,جامعي,مهندس,اعزب,ريفي,حسب الاتفاق,نعم,غالبا,27,68,160,1100,جامعي,['ارمله'],"['خمار', 'طرحة']",12
413 رجال,38,110,185,ابيض,مصري,جامعي,محاسب,مطلق,متوسط,بيت عائله,نعم,غالبا,29,85,156,1100,فوق جامعي,['ارمله'],"['خمار', 'طرحة']",3
414 رجال,36,79,165,ابيض,مصري,فوق جامعي,مدير,مطلق,متوسط,حسب الاتفاق,نعم,نعم,28,68,164,1110,فوق جامعي,"['مطلقه بدون اولاد', 'بكر']","['خمار', 'نقاب', 'طرحة']",3
415 رجال,29,100,173,خمري,مصري,جامعي,مهندس,اعزب,مرتفع,شقه تمليك,نعم,نعم,21,62,169,1000,فوق جامعي,['ارمله'],"['خمار', 'نقاب']",6
416 رجال,30,90,178,خمري,مصري,جامعي,مهندس,مطلق,متوسط,بيت عائله,نعم,غالبا,27,68,164,1000,متوسط,['ارمله'],"['خمار', 'نقاب', 'طرحة']",3
417 رجال,44,80,174,قمحي,مصري,جامعي,أعمال حرة,متزوج,شعبي,حسب الاتفاق,نعم,غالبا,37,65,160,1000,متوسط,"['مطلقه بدون اولاد', 'بكر']","['خمار', 'نقاب']",3
418 رجال,61,72,170,خمري,مصري,جامعي,مدرس,متزوج,متوسط,حسب الاتفاق,نعم,نعم,51,68,164,1111,متوسط,"['مطلقه لهااولاد', 'ارمله', 'بكر', 'مطلقه بدون اولاد']","['خمار', 'نقاب', 'طرحة']",3
419 رجال,30,60,167,قمحي,مصري,جامعي,محاسب,اعزب,شعبي,شقه تمليك,نعم,نعم,25,60,160,1010,فوق جامعي,['ارمله'],['نقاب'],3
420 رجال,55,90,175,قمحي,مصري,متوسط,مدير,ارمل,متوسط,شقه تمليك,غالبا,غالبا,47,77,167,1111,متوسط,['ارمله'],['نقاب'],12
421 رجال,41,80,180,خمري,مصري,جامعي,مدرس,متزوج,متوسط,حسب الاتفاق,نعم,غالبا,25,65,155,1100,فوق جامعي,"['مطلقه بدون اولاد', 'ارمله', 'بكر']","['خمار', 'نقاب', 'طرحة']",3
422 رجال,29,90,170,ابيض,مصري,جامعي,مهندس,اعزب,متوسط,شقه تمليك,نعم,لا,25,65,157,1100,جامعي,['ارمله'],"['خمار', 'طرحة']",12
423 رجال,45,110,174,خمري,مصري,جامعي,موظف,اعزب,متوسط,شقه تمليك,نعم,نعم,35,68,164,1010,جامعي,['ارمله'],"['خمار', 'نقاب']",6
424 رجال,43,100,176,قمحي,مصري,جامعي,موظف,مطلق,متوسط,شقه تمليك,نعم,غالبا,40,68,160,1000,جامعي,"['مطلقه بدون اولاد', 'بكر']","['خمار', 'نقاب']",3
425 رجال,36,90,176,قمحي,مصري,فوق جامعي,مدرس,متزوج,متوسط,حسب الاتفاق,نعم,نعم,28,68,164,1111,جامعي,"['مطلقه لهااولاد', 'ارمله', 'بكر', 'مطلقه بدون اولاد']","['خمار', 'نقاب', 'طرحة']",3
426 رجال,29,65,173,قمحي,مصري,جامعي,مهندس,اعزب,مرتفع,حسب الاتفاق,غالبا,غالبا,28,68,164,1010,جامعي,['ارمله'],"['خمار', 'نقاب', 'طرحة']",6
427 رجال,31,58,165,قمحي,مصري,جامعي,مهندس,مطلق,ريفي,بيت عائله,نعم,غالبا,27,70,165,1100,فوق جامعي,"['مطلقه بدون اولاد', 'ارمله', 'بكر']","['خمار', 'نقاب']",3
428 رجال,43,80,170,ابيض,مصري,جامعي,مدرس,اعزب,متوسط,شقه تمليك,نعم,نعم,35,68,160,1000,متوسط,['ارمله'],['طرحة'],3
429 رجال,25,74,178,خمري,مصري,متوسط,موظف,اعزب,متوسط,حسب الاتفاق,نعم,نعم,20,68,170,1000,متوسط,"['مطلقه لهااولاد', 'ارمله', 'بكر', 'مطلقه بدون اولاد']",['نقاب'],12
430 رجال,38,65,170,ابيض,مصري,جامعي,مندوب,متزوج,متوسط,حسب الاتفاق,نعم,نعم,28,68,164,1111,متوسط,"['مطلقه لهااولاد', 'ارمله', 'بكر', 'مطلقه بدون اولاد']",['نقاب'],3
431 رجال,32,90,185,ابيض,مصري,فوق جامعي,موظف,اعزب,متوسط,شقه تمليك,نعم,نعم,23,68,175,1000,فوق جامعي,['ارمله'],"['خمار', 'نقاب', 'طرحة']",3
432 رجال,33,120,185,قمحي,مصري,جامعي,موظف,متزوج,مرتفع,شقه تمليك,نعم,نعم,23,55,165,1000,فوق جامعي,"['مطلقه بدون اولاد', 'ارمله', 'بكر']",['نقاب'],6
433 رجال,29,85,180,قمحي,مصري,فوق جامعي,موظف,اعزب,متوسط,بيت عائله,نعم,نعم,25,75,165,1000,جامعي,['ارمله'],"['خمار', 'نقاب']",3
434 رجال,40,70,172,ابيض,سعودي,جامعي,مدرس,متزوج,متوسط,حسب الاتفاق,نعم,نعم,44,55,160,1100,جامعي,"['مطلقه بدون اولاد', 'بكر', 'مطلقه لهااولاد']","['خمار', 'نقاب', 'طرحة']",3
435 رجال,54,75,167,قمحي,مصري,جامعي,مدير,متزوج,متوسط,شقه تمليك,نعم,نعم,46,68,162,1000,جامعي,"['بكر', 'مطلقه لهااولاد']",['خمار'],3
437 رجال,38,110,185,ابيض,مصري,جامعي,محاسب,مطلق,متوسط,بيت عائله,نعم,غالبا,30,60,155,1100,فوق جامعي,['ارمله'],"['خمار', 'طرحة']",3
438 رجال,32,83,170,قمحي,مصري,جامعي,مندوب,اعزب,متوسط,شقه تمليك,غالبا,غالبا,25,68,160,1000,جامعي,['ارمله'],"['خمار', 'نقاب', 'طرحة']",6
439 رجال,26,70,173,ابيض,مصري,جامعي,محاسب,اعزب,متوسط,شقه تمليك,نعم,لا,28,65,160,1110,جامعي,"['مطلقه بدون اولاد', 'ارمله', 'بكر']","['خمار', 'نقاب', 'طرحة']",12
440 رجال,23,130,172,ابيض,مصري,جامعي,مدرس,اعزب,متوسط,حسب الاتفاق,غالبا,لا,23,75,170,1110,جامعي,['ارمله'],['طرحة'],12
441 رجال,23,68,178,خمري,مصري,جامعي,مدير,اعزب,متوسط,بيت عائله,نعم,نعم,21,68,164,1100,جامعي,['ارمله'],['خمار'],12
443 رجال,47,98,164,قمحي,مصري,جامعي,موظف,متزوج,شعبي,حسب الاتفاق,نعم,غالبا,41,80,160,1000,جامعي,"['مطلقه بدون اولاد', 'ارمله', 'بكر']","['خمار', 'نقاب', 'طرحة']",12
444 رجال,25,90,177,قمحي,مصري,جامعي,موظف,اعزب,شعبي,ايجار,نعم,نعم,23,77,166,1110,فوق جامعي,['ارمله'],"['خمار', 'نقاب']",3
445 رجال,34,65,173,قمحي,مصري,فوق جامعي,مدرس,متزوج,متوسط,حسب الاتفاق,نعم,نعم,27,68,164,1111,فوق جامعي,"['مطلقه بدون اولاد', 'بكر']","['خمار', 'نقاب']",3
446 رجال,27,90,179,خمري,مصري,جامعي,موظف,اعزب,متوسط,شقه تمليك,غالبا,غالبا,27,70,167,1100,جامعي,['ارمله'],['طرحة'],6
447 رجال,23,70,160,خمري,مصري,جامعي,مدرس,اعزب,ريفي,شقه تمليك,نعم,نعم,21,72,155,1110,جامعي,['ارمله'],"['خمار', 'نقاب']",6
448 رجال,27,71,178,قمحي,مصري,جامعي,موظف,اعزب,متوسط,بيت عائله,غالبا,غالبا,25,70,167,1110,فوق جامعي,['ارمله'],"['خمار', 'نقاب', 'طرحة']",6
451 رجال,34,96,177,قمحي,مصري,متوسط,أعمال حرة,مطلق,متوسط,بيت عائله,نعم,نعم,28,68,164,1110,جامعي,"['مطلقه بدون اولاد', 'بكر']",['نقاب'],3
452 رجال,25,70,177,ابيض,مصري,جامعي,موظف,اعزب,متوسط,حسب الاتفاق,نعم,غالبا,22,65,160,1100,فوق جامعي,['ارمله'],['طرحة'],12
454 رجال,34,95,177,اسمر,مصري,جامعي,محاسب,متزوج,متوسط,حسب الاتفاق,نعم,غالبا,28,68,164,1111,متوسط,"['مطلقه لهااولاد', 'ارمله', 'بكر', 'مطلقه بدون اولاد']","['خمار', 'نقاب', 'طرحة']",3
455 رجال,37,91,184,قمحي,مصري,جامعي,مهندس,مطلق,متوسط,شقه تمليك,نعم,غالبا,30,65,155,1111,جامعي,"['مطلقه بدون اولاد', 'ارمله', 'بكر']","['خمار', 'طرحة']",3
456 رجال,30,105,185,قمحي,مصري,جامعي,مهندس,اعزب,متوسط,حسب الاتفاق,نعم,نعم,25,72,172,1000,جامعي,['ارمله'],"['خمار', 'طرحة']",3
457 رجال,38,80,177,ابيض,مصري,فوق جامعي,مدرس,متزوج,متوسط,شقه تمليك,نعم,غالبا,26,65,170,1000,فوق جامعي,"['مطلقه بدون اولاد', 'ارمله', 'بكر']","['خمار', 'نقاب', 'طرحة']",6
458 رجال,25,76,178,قمحي,مصري,جامعي,مهندس,اعزب,متوسط,بيت عائله,نعم,نعم,25,80,172,1110,فوق جامعي,"['مطلقه لهااولاد', 'ارمله', 'بكر', 'مطلقه بدون اولاد']","['خمار', 'نقاب']",12
459 رجال,31,58,165,قمحي,مصري,جامعي,مهندس,مطلق,متوسط,بيت عائله,نعم,غالبا,27,70,165,1100,فوق جامعي,"['مطلقه بدون اولاد', 'ارمله', 'بكر', 'مطلقه لهااولاد']","['خمار', 'نقاب']",3
460 رجال,27,62,166,قمحي,مصري,جامعي,مدرس,اعزب,ريفي,حسب الاتفاق,نعم,نعم,24,68,164,0010,جامعي,['ارمله'],['نقاب'],12
461 رجال,34,88,181,خمري,مصري,فوق جامعي,موظف,اعزب,شعبي,حسب الاتفاق,نعم,نعم,22,70,165,1000,متوسط,['ارمله'],"['خمار', 'نقاب', 'طرحة']",3
462 رجال,22,62,175,قمحي,مصري,متوسط,موظف,اعزب,متوسط,شقه تمليك,نعم,نعم,28,70,160,1111,متوسط,['ارمله'],['خمار'],12
464 رجال,21,70,173,قمحي,فلسطيني,جامعي,مهندس,اعزب,متوسط,بيت عائله,نعم,نعم,28,65,165,1000,جامعي,['ارمله'],"['خمار', 'نقاب']",12
465 رجال,62,90,178,ابيض,مصري,فوق جامعي,موظف,مطلق,متوسط,حسب الاتفاق,نعم,غالبا,45,60,165,1000,جامعي,"['مطلقه لهااولاد', 'ارمله', 'بكر', 'مطلقه بدون اولاد']",['طرحة'],3
466 رجال,23,67,173,قمحي,مصري,جامعي,موظف,اعزب,شعبي,شقه تمليك,نعم,نعم,21,60,162,1010,جامعي,['ارمله'],"['خمار', 'نقاب']",12
468 رجال,48,110,155,ابيض,مصري,جامعي,موظف,متزوج,متوسط,شقه تمليك,نعم,نعم,35,68,164,1111,جامعي,"['مطلقه لهااولاد', 'ارمله', 'بكر', 'مطلقه بدون اولاد']",['نقاب'],3
469 رجال,34,80,174,ابيض,مصري,فوق جامعي,مهندس,اعزب,مرتفع,شقه تمليك,نعم,نعم,26,60,167,1010,جامعي,['ارمله'],"['خمار', 'طرحة']",3
470 رجال,59,77,165,خمري,مصري,متوسط,موظف,ارمل,شعبي,شقه تمليك,نعم,نعم,28,68,164,1110,متوسط,"['مطلقه بدون اولاد', 'ارمله', 'بكر', 'مطلقه لهااولاد']","['خمار', 'نقاب']",3
471 رجال,26,69,171,اسمر,صومالي,متوسط,موظف,اعزب,متوسط,حسب الاتفاق,نعم,نعم,25,70,165,1111,متوسط,"['مطلقه بدون اولاد', 'ارمله', 'بكر']",['نقاب'],12
472 رجال,28,69,173,ابيض,مصري,جامعي,مهندس,اعزب,متوسط,بيت عائله,نعم,لا,22,65,162,1000,جامعي,['ارمله'],"['خمار', 'نقاب', 'طرحة']",6
473 رجال,24,83,173,خمري,مصري,جامعي,موظف,اعزب,ريفي,شقه تمليك,نعم,غالبا,20,65,165,1111,جامعي,['ارمله'],"['خمار', 'نقاب']",12
474 رجال,28,80,177,خمري,مصري,جامعي,مدير,اعزب,متوسط,شقه تمليك,نعم,نعم,22,65,165,1110,جامعي,['ارمله'],"['خمار', 'نقاب', 'طرحة']",12
476 رجال,34,65,155,قمحي,مصري,متوسط,موظف,اعزب,مرتفع,حسب الاتفاق,نعم,نعم,25,68,155,1000,متوسط,['ارمله'],['طرحة'],6
477 رجال,31,80,183,قمحي,مصري,جامعي,تاجر,متزوج,متوسط,شقه تمليك,نعم,نعم,28,68,164,1111,متوسط,"['مطلقه لهااولاد', 'ارمله', 'بكر', 'مطلقه بدون اولاد']",['نقاب'],3
478 رجال,25,72,180,قمحي,مصري,متوسط,موظف,اعزب,متوسط,شقه تمليك,نعم,نعم,22,70,170,1010,متوسط,['ارمله'],"['خمار', 'نقاب', 'طرحة']",12
479 رجال,27,75,175,ابيض,مصري,فوق جامعي,مهندس,اعزب,مرتفع,شقه تمليك,نعم,نعم,23,67,165,1000,فوق جامعي,['ارمله'],"['خمار', 'نقاب']",3
480 رجال,28,115,170,خمري,مصري,جامعي,إمام,اعزب,ريفي,شقه تمليك,نعم,نعم,22,68,155,1111,متوسط,['ارمله'],"['خمار', 'نقاب', 'طرحة']",12
481 رجال,27,70,175,قمحي,مصري,فوق جامعي,مهندس,اعزب,ريفي,حسب الاتفاق,نعم,نعم,23,67,165,1100,فوق جامعي,['ارمله'],"['خمار', 'نقاب']",12
482 رجال,32,65,167,قمحي,مصري,متوسط,موظف,اعزب,شعبي,شقه تمليك,نعم,غالبا,26,70,165,1110,فوق جامعي,['ارمله'],"['خمار', 'طرحة']",6
483 رجال,26,68,170,ابيض,مصري,فوق جامعي,مهندس,اعزب,متوسط,شقه تمليك,نعم,غالبا,28,68,164,1111,فوق جامعي,"['مطلقه بدون اولاد', 'ارمله', 'بكر']","['خمار', 'نقاب', 'طرحة']",12
484 رجال,28,110,170,قمحي,مصري,جامعي,إمام,اعزب,ريفي,شقه تمليك,نعم,نعم,21,75,155,1111,متوسط,['ارمله'],['طرحة'],12
485 رجال,37,45,170,ابيض,مصري,متوسط,موظف,اعزب,ريفي,بيت عائله,نعم,نعم,28,50,160,1111,متوسط,['ارمله'],"['خمار', 'نقاب', 'طرحة']",6
486 رجال,30,80,172,خمري,مصري,جامعي,أعمال حرة,اعزب,متوسط,ايجار,نعم,نعم,25,65,165,1000,جامعي,['ارمله'],"['خمار', 'نقاب']",6
487 رجال,40,75,170,قمحي,مصري,جامعي,مهندس,ارمل,شعبي,شقه تمليك,نعم,نعم,28,80,164,1111,متوسط,"['مطلقه لهااولاد', 'ارمله', 'بكر', 'مطلقه بدون اولاد']",['نقاب'],3
488 رجال,41,82,175,خمري,مصري,جامعي,موظف,مطلق,متوسط,شقه تمليك,نعم,غالبا,35,90,164,1010,فوق جامعي,"['مطلقه بدون اولاد', 'ارمله', 'بكر']","['خمار', 'نقاب', 'طرحة']",6
489 رجال,26,88,180,ابيض,مصري,جامعي,مهندس,اعزب,متوسط,بيت عائله,نعم,غالبا,23,70,170,1000,جامعي,['ارمله'],['طرحة'],12
490 رجال,22,80,185,ابيض,مصري,متوسط,مدير,اعزب,متوسط,بيت عائله,نعم,نعم,22,68,160,1111,متوسط,['ارمله'],['طرحة'],3
491 رجال,46,76,163,اسمر,مصري,متوسط,تاجر,متزوج,متوسط,شقه تمليك,نعم,نعم,34,70,165,1010,متوسط,"['مطلقه بدون اولاد', 'بكر', 'مطلقه لهااولاد']","['خمار', 'نقاب']",3
492 رجال,24,120,173,خمري,مصري,جامعي,موظف,اعزب,شعبي,بيت عائله,نعم,غالبا,20,60,160,1100,فوق جامعي,['ارمله'],"['خمار', 'نقاب']",12
493 رجال,28,80,167,خمري,مصري,فوق جامعي,إمام,اعزب,متوسط,بيت عائله,نعم,نعم,22,80,164,0110,جامعي,['ارمله'],"['خمار', 'نقاب']",6
494 رجال,52,82,187,قمحي,مصري,جامعي,مدير,مطلق,متوسط,بيت عائله,نعم,نعم,40,75,160,1000,جامعي,"['مطلقه لهااولاد', 'ارمله', 'بكر', 'مطلقه بدون اولاد']","['خمار', 'نقاب']",3
495 رجال,34,100,177,اسمر,مصري,جامعي,محاسب,متزوج,متوسط,حسب الاتفاق,نعم,غالبا,32,68,164,1111,متوسط,"['مطلقه لهااولاد', 'ارمله', 'بكر', 'مطلقه بدون اولاد']","['خمار', 'نقاب', 'طرحة']",3
496 رجال,29,85,188,خمري,مصري,جامعي,مدير,اعزب,متوسط,بيت عائله,غالبا,غالبا,24,75,180,1000,جامعي,['ارمله'],['طرحة'],12
497 رجال,45,85,176,ابيض,مصري,متوسط,موظف,مطلق,متوسط,شقه تمليك,نعم,نعم,30,60,160,1000,جامعي,"['مطلقه بدون اولاد', 'ارمله', 'بكر']",['نقاب'],3
498 رجال,25,60,165,قمحي,مصري,متوسط,موظف,اعزب,متوسط,بيت عائله,نعم,نعم,22,70,157,1100,فوق جامعي,['ارمله'],"['خمار', 'نقاب', 'طرحة']",6
499 رجال,32,119,179,قمحي,مصري,جامعي,موظف,متزوج,متوسط,بيت عائله,نعم,لا,29,68,170,1110,فوق جامعي,"['مطلقه لهااولاد', 'ارمله', 'بكر', 'مطلقه بدون اولاد']","['خمار', 'نقاب', 'طرحة']",12
501 رجال,35,65,175,ابيض,مصري,جامعي,موظف,اعزب,متوسط,حسب الاتفاق,غالبا,غالبا,24,67,160,1100,متوسط,['ارمله'],['طرحة'],12
502 رجال,29,85,170,ابيض,مصري,فوق جامعي,مدير,اعزب,متوسط,شقه تمليك,نعم,نعم,26,68,170,1111,فوق جامعي,['ارمله'],"['خمار', 'نقاب']",6
504 رجال,34,67,173,خمري,مصري,جامعي,مهندس,اعزب,متوسط,شقه تمليك,نعم,نعم,26,75,170,1110,فوق جامعي,['ارمله'],"['خمار', 'نقاب', 'طرحة']",3
505 رجال,26,96,176,اسمر,مصري,جامعي,موظف,اعزب,شعبي,بيت عائله,نعم,غالبا,23,68,164,1111,فوق جامعي,['ارمله'],"['خمار', 'نقاب', 'طرحة']",12
506 رجال,42,85,170,قمحي,مصري,متوسط,مدير,متزوج,متوسط,حسب الاتفاق,نعم,نعم,27,60,155,0100,متوسط,"['مطلقه بدون اولاد', 'بكر']","['خمار', 'نقاب']",6
507 رجال,42,74,174,قمحي,مصري,فوق جامعي,موظف,مطلق,متوسط,ايجار,نعم,نعم,41,68,170,1111,متوسط,"['مطلقه لهااولاد', 'ارمله', 'بكر', 'مطلقه بدون اولاد']","['خمار', 'نقاب', 'طرحة']",3
508 رجال,28,85,163,خمري,مصري,جامعي,مدير,اعزب,مرتفع,ايجار,نعم,نعم,23,68,160,1000,فوق جامعي,['ارمله'],"['خمار', 'نقاب', 'طرحة']",6
509 رجال,27,105,185,قمحي,مصري,جامعي,موظف,اعزب,متوسط,حسب الاتفاق,غالبا,غالبا,23,60,165,1000,جامعي,['ارمله'],['نقاب'],12
510 رجال,28,85,175,خمري,مصري,جامعي,موظف,اعزب,متوسط,بيت عائله,غالبا,غالبا,28,68,170,1111,جامعي,['ارمله'],['نقاب'],12
511 رجال,21,84,183,قمحي,مصري,جامعي,موظف,اعزب,متوسط,حسب الاتفاق,نعم,نعم,20,67,160,1110,متوسط,['ارمله'],"['خمار', 'نقاب']",12
512 رجال,39,86,170,خمري,مصري,فوق جامعي,موظف,ارمل,ريفي,شقه تمليك,نعم,غالبا,30,75,160,1100,فوق جامعي,"['مطلقه بدون اولاد', 'ارمله', 'بكر']","['خمار', 'نقاب']",3
513 رجال,36,65,168,قمحي,سعودي,فوق جامعي,موظف,متزوج,شعبي,ايجار,نعم,نعم,25,60,160,1010,متوسط,['ارمله'],"['خمار', 'نقاب']",3
514 رجال,45,80,182,قمحي,مصري,متوسط,مدير,مطلق,شعبي,بيت عائله,نعم,نعم,35,60,160,1000,متوسط,"['مطلقه بدون اولاد', 'ارمله', 'بكر']","['خمار', 'نقاب']",6
515 رجال,30,55,170,قمحي,مصري,جامعي,أعمال حرة,اعزب,ريفي,بيت عائله,نعم,نعم,22,70,155,1000,فوق جامعي,"['مطلقه بدون اولاد', 'ارمله', 'بكر']","['خمار', 'نقاب', 'طرحة']",12
516 رجال,30,80,176,قمحي,مصري,جامعي,موظف,متزوج,متوسط,شقه تمليك,غالبا,غالبا,30,70,165,0001,فوق جامعي,"['مطلقه لهااولاد', 'ارمله', 'بكر', 'مطلقه بدون اولاد']","['خمار', 'نقاب']",3
517 رجال,34,85,182,خمري,مصري,جامعي,موظف,مطلق,متوسط,حسب الاتفاق,نعم,غالبا,28,68,164,1111,متوسط,"['مطلقه لهااولاد', 'ارمله', 'بكر', 'مطلقه بدون اولاد']","['خمار', 'نقاب', 'طرحة']",12
518 رجال,30,80,170,قمحي,مصري,فوق جامعي,مدرس,مطلق,متوسط,حسب الاتفاق,نعم,نعم,29,80,170,1000,جامعي,"['مطلقه لهااولاد', 'ارمله', 'بكر', 'مطلقه بدون اولاد']","['خمار', 'نقاب']",6
519 رجال,40,99,178,ابيض,مصري,متوسط,موظف,اعزب,متوسط,شقه تمليك,نعم,نعم,25,70,170,1000,متوسط,"['مطلقه لهااولاد', 'ارمله', 'بكر', 'مطلقه بدون اولاد']",['نقاب'],6
520 رجال,30,90,175,ابيض,مصري,فوق جامعي,مدرس,متزوج,متوسط,حسب الاتفاق,نعم,نعم,27,80,167,1100,فوق جامعي,"['مطلقه بدون اولاد', 'ارمله', 'بكر', 'مطلقه لهااولاد']","['خمار', 'نقاب']",6
521 رجال,33,70,168,خمري,مصري,جامعي,مدير,اعزب,متوسط,بيت عائله,نعم,نعم,26,65,165,1000,جامعي,['ارمله'],['نقاب'],6
522 رجال,41,68,180,قمحي,مصري,جامعي,مدير,متزوج,متوسط,شقه تمليك,نعم,نعم,30,67,160,1000,جامعي,"['مطلقه بدون اولاد', 'ارمله', 'بكر']","['خمار', 'نقاب']",3
523 رجال,24,73,166,خمري,مصري,متوسط,مندوب,اعزب,ريفي,بيت عائله,غالبا,غالبا,21,56,160,1010,جامعي,['ارمله'],['خمار'],6
524 رجال,45,90,175,خمري,مصري,جامعي,مهندس,متزوج,متوسط,شقه تمليك,نعم,نعم,40,70,160,1111,متوسط,"['مطلقه لهااولاد', 'ارمله', 'بكر', 'مطلقه بدون اولاد']",['نقاب'],3
525 رجال,42,85,176,قمحي,مصري,فوق جامعي,موظف,مطلق,متوسط,شقه تمليك,نعم,نعم,28,68,168,1000,متوسط,"['مطلقه بدون اولاد', 'ارمله', 'بكر']","['خمار', 'نقاب', 'طرحة']",3
526 رجال,35,72,170,خمري,مصري,جامعي,موظف,مطلق,متوسط,شقه تمليك,نعم,نعم,30,70,165,1000,جامعي,['ارمله'],"['خمار', 'طرحة']",12
528 رجال,37,80,173,ابيض,مصري,جامعي,موظف,متزوج,متوسط,حسب الاتفاق,نعم,نعم,35,80,170,1000,جامعي,"['بكر', 'مطلقه لهااولاد']",['طرحة'],3
529 رجال,30,80,178,خمري,مصري,جامعي,مهندس,اعزب,متوسط,شقه تمليك,غالبا,غالبا,25,62,165,1110,فوق جامعي,['ارمله'],"['خمار', 'نقاب', 'طرحة']",6
530 رجال,37,100,185,قمحي,مصري,متوسط,موظف,متزوج,متوسط,شقه تمليك,نعم,نعم,28,68,170,1000,متوسط,"['مطلقه لهااولاد', 'ارمله', 'بكر', 'مطلقه بدون اولاد']","['خمار', 'نقاب', 'طرحة']",12
531 رجال,38,89,168,ابيض,مصري,فوق جامعي,مدرس,مطلق,متوسط,شقه تمليك,نعم,نعم,31,60,165,1000,فوق جامعي,"['مطلقه بدون اولاد', 'ارمله', 'بكر']",['نقاب'],6
532 رجال,24,71,170,قمحي,مصري,جامعي,موظف,اعزب,متوسط,شقه تمليك,نعم,نعم,22,65,165,1000,متوسط,['ارمله'],"['خمار', 'نقاب']",12
533 رجال,45,115,180,ابيض,مصري,فوق جامعي,محاسب,متزوج,متوسط,شقه تمليك,غالبا,غالبا,35,80,164,1111,فوق جامعي,"['مطلقه بدون اولاد', 'ارمله', 'بكر', 'مطلقه لهااولاد']","['خمار', 'نقاب', 'طرحة']",3
534 رجال,35,80,173,ابيض,مصري,متوسط,موظف,اعزب,ريفي,بيت عائله,نعم,نعم,26,68,165,1000,جامعي,['ارمله'],"['خمار', 'نقاب', 'طرحة']",12
535 رجال,31,59,170,قمحي,مصري,متوسط,تاجر,اعزب,متوسط,شقه تمليك,نعم,نعم,25,60,160,0100,متوسط,['ارمله'],"['خمار', 'نقاب', 'طرحة']",12
536 رجال,30,80,173,ابيض,مصري,فوق جامعي,مدرس,اعزب,متوسط,بيت عائله,نعم,نعم,21,68,164,1000,جامعي,['ارمله'],['نقاب'],6
537 رجال,26,90,165,قمحي,مصري,فوق جامعي,أعمال حرة,اعزب,متوسط,حسب الاتفاق,نعم,نعم,22,65,167,1100,جامعي,['ارمله'],"['خمار', 'نقاب']",12
538 رجال,27,90,174,قمحي,مصري,جامعي,مدير,مطلق,متوسط,شقه تمليك,غالبا,غالبا,25,70,170,1000,جامعي,"['مطلقه بدون اولاد', 'ارمله', 'بكر']","['خمار', 'نقاب', 'طرحة']",12
539 رجال,26,95,188,ابيض,مصري,جامعي,موظف,اعزب,متوسط,بيت عائله,نعم,نعم,22,80,179,1110,جامعي,['ارمله'],"['خمار', 'نقاب', 'طرحة']",6
540 رجال,27,82,176,ابيض,مصري,جامعي,مهندس,اعزب,متوسط,حسب الاتفاق,نعم,نعم,27,68,164,1111,فوق جامعي,['ارمله'],"['خمار', 'نقاب', 'طرحة']",12
542 رجال,30,74,172,قمحي,مصري,جامعي,مهندس,اعزب,متوسط,شقه تمليك,نعم,غالبا,24,70,167,1100,فوق جامعي,['ارمله'],"['خمار', 'نقاب', 'طرحة']",6
543 رجال,30,72,170,ابيض,مصري,جامعي,موظف,مطلق,متوسط,شقه تمليك,غالبا,نعم,25,70,170,1100,فوق جامعي,"['مطلقه بدون اولاد', 'ارمله', 'بكر']","['خمار', 'نقاب', 'طرحة']",6
544 رجال,59,95,178,قمحي,مصري,جامعي,مدير,ارمل,متوسط,شقه تمليك,غالبا,غالبا,46,68,164,0010,جامعي,"['مطلقه بدون اولاد', 'بكر']",['طرحة'],3
545 رجال,58,90,168,قمحي,مصري,متوسط,أعمال حرة,مطلق,متوسط,حسب الاتفاق,نعم,نعم,35,68,164,1111,متوسط,"['مطلقه لهااولاد', 'ارمله', 'بكر', 'مطلقه بدون اولاد']","['خمار', 'نقاب']",3
546 رجال,25,80,170,ابيض,مصري,متوسط,موظف,اعزب,متوسط,شقه تمليك,نعم,نعم,20,70,160,1000,متوسط,['ارمله'],['نقاب'],3
547 رجال,39,100,172,ابيض,مصري,متوسط,موظف,مطلق,متوسط,حسب الاتفاق,نعم,نعم,43,68,170,1100,متوسط,"['مطلقه بدون اولاد', 'بكر', 'مطلقه لهااولاد']","['خمار', 'نقاب']",3
548 رجال,32,65,160,خمري,مصري,فوق جامعي,موظف,اعزب,متوسط,بيت عائله,نعم,لا,36,90,170,1110,جامعي,"['مطلقه بدون اولاد', 'بكر']",['طرحة'],12
549 رجال,56,100,170,قمحي,مصري,جامعي,موظف,مطلق,متوسط,شقه تمليك,نعم,نعم,45,68,164,1111,متوسط,['ارمله'],"['خمار', 'نقاب']",3
550 رجال,25,84,184,ابيض,مصري,جامعي,موظف,اعزب,متوسط,شقه تمليك,نعم,غالبا,22,65,170,1100,جامعي,['ارمله'],['نقاب'],3
551 رجال,24,70,180,خمري,مصري,متوسط,موظف,اعزب,متوسط,شقه تمليك,غالبا,غالبا,30,80,160,0100,متوسط,"['مطلقه لهااولاد', 'ارمله', 'بكر', 'مطلقه بدون اولاد']",['طرحة'],12
552 رجال,30,70,170,خمري,مصري,متوسط,موظف,مطلق,شعبي,حسب الاتفاق,غالبا,غالبا,28,70,160,1000,متوسط,"['مطلقه لهااولاد', 'ارمله', 'بكر', 'مطلقه بدون اولاد']",['طرحة'],6
554 رجال,42,80,178,ابيض,مصري,متوسط,مدير,مطلق,متوسط,بيت عائله,نعم,لا,25,85,155,1110,متوسط,"['مطلقه بدون اولاد', 'ارمله', 'بكر']","['خمار', 'نقاب', 'طرحة']",6
555 رجال,51,82,172,ابيض,مصري,متوسط,مدير,مطلق,متوسط,حسب الاتفاق,نعم,نعم,39,70,170,1000,متوسط,"['مطلقه بدون اولاد', 'بكر']",['نقاب'],3
556 رجال,35,80,170,ابيض,مصري,جامعي,مدرس,اعزب,متوسط,حسب الاتفاق,غالبا,غالبا,24,70,170,1000,جامعي,['ارمله'],['طرحة'],6
557 رجال,39,80,175,ابيض,مصري,متوسط,إمام,متزوج,شعبي,بيت عائله,نعم,نعم,32,68,164,1111,متوسط,"['مطلقه لهااولاد', 'ارمله', 'بكر', 'مطلقه بدون اولاد']","['خمار', 'نقاب']",3
558 رجال,39,73,175,قمحي,مصري,متوسط,أعمال حرة,مطلق,متوسط,شقه تمليك,نعم,نعم,31,67,175,1100,متوسط,"['مطلقه بدون اولاد', 'ارمله', 'بكر']",['نقاب'],3
559 رجال,30,75,175,ابيض,مصري,جامعي,محاسب,اعزب,مرتفع,شقه تمليك,نعم,غالبا,24,60,173,1000,جامعي,['ارمله'],['طرحة'],3
561 رجال,23,80,179,خمري,مصري,جامعي,مدرس,اعزب,متوسط,شقه تمليك,نعم,نعم,21,77,170,1100,جامعي,['ارمله'],"['خمار', 'نقاب']",12
563 رجال,27,70,178,خمري,مصري,جامعي,مهندس,اعزب,متوسط,شقه تمليك,نعم,غالبا,24,68,164,1111,جامعي,['ارمله'],['طرحة'],12
564 رجال,30,89,175,ابيض,مصري,جامعي,موظف,اعزب,ريفي,شقه تمليك,نعم,نعم,25,60,160,1000,جامعي,['ارمله'],['خمار'],12
565 رجال,26,67,170,قمحي,مصري,جامعي,مدرس,اعزب,متوسط,شقه تمليك,نعم,نعم,21,65,163,1000,جامعي,['ارمله'],"['خمار', 'نقاب']",6
566 رجال,52,80,180,ابيض,مصري,جامعي,موظف,مطلق,متوسط,شقه تمليك,نعم,غالبا,40,72,165,1100,متوسط,"['مطلقه بدون اولاد', 'ارمله', 'بكر']","['خمار', 'نقاب', 'طرحة']",3
567 رجال,36,87,176,ابيض,مصري,جامعي,موظف,اعزب,متوسط,ايجار,غالبا,غالبا,32,70,170,1111,جامعي,"['مطلقه بدون اولاد', 'ارمله', 'بكر']",['طرحة'],12
568 رجال,36,60,189,ابيض,مصري,جامعي,تاجر,اعزب,شعبي,شقه تمليك,غالبا,لا,27,80,170,1111,فوق جامعي,"['مطلقه بدون اولاد', 'ارمله', 'بكر']",['طرحة'],12
569 رجال,25,100,185,قمحي,مصري,جامعي,موظف,اعزب,متوسط,شقه تمليك,نعم,نعم,20,70,164,1000,جامعي,['ارمله'],['نقاب'],6
570 رجال,43,116,173,ابيض,مصري,فوق جامعي,مدرس,متزوج,متوسط,شقه تمليك,نعم,نعم,25,70,164,1110,فوق جامعي,"['مطلقه بدون اولاد', 'ارمله', 'بكر']","['خمار', 'نقاب', 'طرحة']",12
571 رجال,51,78,168,ابيض,مصري,جامعي,مدرس,مطلق,متوسط,شقه تمليك,نعم,غالبا,28,68,164,1000,متوسط,"['مطلقه لهااولاد', 'ارمله', 'بكر', 'مطلقه بدون اولاد']",['خمار'],3
572 رجال,27,64,166,خمري,مصري,فوق جامعي,مدرس,اعزب,ريفي,حسب الاتفاق,نعم,نعم,24,72,160,1100,فوق جامعي,['ارمله'],['نقاب'],3
573 رجال,39,75,173,خمري,مصري,جامعي,مدير,ارمل,متوسط,شقه تمليك,نعم,غالبا,26,68,164,1111,جامعي,"['مطلقه بدون اولاد', 'ارمله', 'بكر']","['خمار', 'نقاب', 'طرحة']",6
574 رجال,44,93,190,قمحي,مصري,متوسط,موظف,متزوج,متوسط,حسب الاتفاق,نعم,نعم,35,80,170,1100,جامعي,"['مطلقه بدون اولاد', 'ارمله', 'بكر', 'مطلقه لهااولاد']","['خمار', 'نقاب']",12
575 رجال,33,82,187,خمري,مصري,جامعي,محاسب,متزوج,مرتفع,شقه تمليك,نعم,نعم,20,68,165,1000,جامعي,"['مطلقه بدون اولاد', 'ارمله', 'بكر']","['خمار', 'نقاب']",12
576 رجال,50,95,175,قمحي,مصري,جامعي,مدير,متزوج,متوسط,شقه تمليك,نعم,نعم,40,75,167,1110,فوق جامعي,"['مطلقه بدون اولاد', 'بكر']","['خمار', 'نقاب', 'طرحة']",3
578 رجال,34,75,175,قمحي,مصري,جامعي,موظف,اعزب,متوسط,شقه تمليك,نعم,غالبا,25,72,175,1000,متوسط,['ارمله'],"['خمار', 'نقاب', 'طرحة']",6
579 رجال,36,95,176,ابيض,مصري,فوق جامعي,مهندس,مطلق,متوسط,شقه تمليك,نعم,نعم,30,70,160,1000,جامعي,['ارمله'],"['خمار', 'طرحة']",6
